-- v2025.1.2
USE dinghy_racing;

-- clear existing data
DELETE FROM entry_laps;
DELETE FROM lap;
DELETE FROM entry;
DELETE FROM embedded_race_hosts;
DELETE FROM direct_race;
DELETE FROM embedded_race;
DELETE FROM race;
DELETE FROM fleet_dinghy_classes;
DELETE FROM fleet;
DELETE FROM dinghy;
DELETE FROM dinghy_class;
DELETE FROM competitor;
DELETE FROM competitor_seq;
DELETE FROM dinghy_seq;
DELETE FROM dinghy_class_seq;
DELETE FROM entry_seq;
DELETE FROM lap_seq;
DELETE FROM race_seq;
DELETE FROM fleet_seq;

-- create testing data
-- create dinghy class records
INSERT INTO dinghy_class (id, name, crew_size, portsmouth_number, external_name, version) VALUES (1, "Albacore", 2, 1037, null, 0);
INSERT INTO dinghy_class (id, name, crew_size, portsmouth_number, external_name, version) VALUES (2, "Byte", 1, 1217, null, 0);
INSERT INTO dinghy_class (id, name, crew_size, portsmouth_number, external_name, version) VALUES (3, "Byte C2", 1, 1132, null, 0);
INSERT INTO dinghy_class (id, name, crew_size, portsmouth_number, external_name, version) VALUES (4, "Cadet", 2, 1440, null, 0);
INSERT INTO dinghy_class (id, name, crew_size, portsmouth_number, external_name, version) VALUES (5, "Comet", 1, 1210, null, 0);
INSERT INTO dinghy_class (id, name, crew_size, portsmouth_number, external_name, version) VALUES (6, "Comet Duo", 2, 1178, null, 0);
INSERT INTO dinghy_class (id, name, crew_size, portsmouth_number, external_name, version) VALUES (7, "Comet Mino", 1, 1210, null, 0);
INSERT INTO dinghy_class (id, name, crew_size, portsmouth_number, external_name, version) VALUES (8, "Enterprise", 2, 1133, null, 0);
INSERT INTO dinghy_class (id, name, crew_size, portsmouth_number, external_name, version) VALUES (9, "Enterprise SnglHnd", 1, 1123, null, 0);
INSERT INTO dinghy_class (id, name, crew_size, portsmouth_number, external_name, version) VALUES (10, "Finn", 1, 1047, null, 0);
INSERT INTO dinghy_class (id, name, crew_size, portsmouth_number, external_name, version) VALUES (11, "Firefly", 2, 1174, null, 0);
INSERT INTO dinghy_class (id, name, crew_size, portsmouth_number, external_name, version) VALUES (12, "GP14", 2, 1130, null, 0);
INSERT INTO dinghy_class (id, name, crew_size, portsmouth_number, external_name, version) VALUES (13, "Graduate", 2, 1110, null, 0);
INSERT INTO dinghy_class (id, name, crew_size, portsmouth_number, external_name, version) VALUES (14, "Graduate OS", 2, 1110, null, 0);
INSERT INTO dinghy_class (id, name, crew_size, portsmouth_number, external_name, version) VALUES (15, "Gull", 2, 1363, null, 0);
INSERT INTO dinghy_class (id, name, crew_size, portsmouth_number, external_name, version) VALUES (16, "Heron", 2, 1345, null, 0);
INSERT INTO dinghy_class (id, name, crew_size, portsmouth_number, external_name, version) VALUES (17, "Heron SnglHnd", 1, 1335, null, 0);
INSERT INTO dinghy_class (id, name, crew_size, portsmouth_number, external_name, version) VALUES (18, "International 2.4", 1, 1240, "2.4mR", 0);
INSERT INTO dinghy_class (id, name, crew_size, portsmouth_number, external_name, version) VALUES (19, "K1", 1, 1070, null, 0);
INSERT INTO dinghy_class (id, name, crew_size, portsmouth_number, external_name, version) VALUES (20, "Lark", 2, 1062, null, 0);
INSERT INTO dinghy_class (id, name, crew_size, portsmouth_number, external_name, version) VALUES (21, "Laser", 1, 1102, "LASER/ ILCA 7", 0);
INSERT INTO dinghy_class (id, name, crew_size, portsmouth_number, external_name, version) VALUES (22, "Laser (Rooster)", 1, 1045, "ROOSTER 8.1", 0);
INSERT INTO dinghy_class (id, name, crew_size, portsmouth_number, external_name, version) VALUES (23, "Laser 2000", 2, 1114, "2000", 0);
INSERT INTO dinghy_class (id, name, crew_size, portsmouth_number, external_name, version) VALUES (24, "Laser 4.7", 1, 1213, "LASER 4.7/ ILCS 4", 0);
INSERT INTO dinghy_class (id, name, crew_size, portsmouth_number, external_name, version) VALUES (25, "Laser II", 2, 1085, null, 0);
INSERT INTO dinghy_class (id, name, crew_size, portsmouth_number, external_name, version) VALUES (26, "Laser Pico", 1, 1330, null, 0);
INSERT INTO dinghy_class (id, name, crew_size, portsmouth_number, external_name, version) VALUES (27, "Laser Radial", 1, 1154, "LASER RADIAL/ ILCA 6", 0);
INSERT INTO dinghy_class (id, name, crew_size, portsmouth_number, external_name, version) VALUES (28, "Merlin Rocket Vintage", 2, 983, null, 0);
INSERT INTO dinghy_class (id, name, crew_size, portsmouth_number, external_name, version) VALUES (29, "Mirror", 2, 1380, null, 0);
INSERT INTO dinghy_class (id, name, crew_size, portsmouth_number, external_name, version) VALUES (30, "National 12", 2, 1070, null, 0);
INSERT INTO dinghy_class (id, name, crew_size, portsmouth_number, external_name, version) VALUES (31, "Optimist", 1, 1628, null, 0);
INSERT INTO dinghy_class (id, name, crew_size, portsmouth_number, external_name, version) VALUES (32, "Pacer", 2, 1193, null, 0);
INSERT INTO dinghy_class (id, name, crew_size, portsmouth_number, external_name, version) VALUES (33, "Phantom", 1, 1000, null, 0);
INSERT INTO dinghy_class (id, name, crew_size, portsmouth_number, external_name, version) VALUES (34, "Pisces", 1, 1210, null, 0);
INSERT INTO dinghy_class (id, name, crew_size, portsmouth_number, external_name, version) VALUES (35, "RS Aero 7", 1, 1061, null, 0);
INSERT INTO dinghy_class (id, name, crew_size, portsmouth_number, external_name, version) VALUES (36, "RS Aero 9", 1, 1008, null, 0);
INSERT INTO dinghy_class (id, name, crew_size, portsmouth_number, external_name, version) VALUES (37, "RS Feva", 2, 1244, null, 0);
INSERT INTO dinghy_class (id, name, crew_size, portsmouth_number, external_name, version) VALUES (39, "RS Tera (pro)", 1, 1364, "RS TERA PRO", 0);
INSERT INTO dinghy_class (id, name, crew_size, portsmouth_number, external_name, version) VALUES (40, "RS Tera (sport)", 1, 1445, "RS TERA SPORT", 0);
INSERT INTO dinghy_class (id, name, crew_size, portsmouth_number, external_name, version) VALUES (41, "RS Vareo", 1, 1093, null, 0);
INSERT INTO dinghy_class (id, name, crew_size, portsmouth_number, external_name, version) VALUES (42, "RS200", 2, 1046, null, 0);
INSERT INTO dinghy_class (id, name, crew_size, portsmouth_number, external_name, version) VALUES (43, "Scorpion", 2, 1043, null, 0);
INSERT INTO dinghy_class (id, name, crew_size, portsmouth_number, external_name, version) VALUES (44, "Solo", 1, 1142, null, 0);
INSERT INTO dinghy_class (id, name, crew_size, portsmouth_number, external_name, version) VALUES (45, "Streaker", 1, 1124, null, 0);
INSERT INTO dinghy_class (id, name, crew_size, portsmouth_number, external_name, version) VALUES (46, "Supernova", 1, 1075, null, 0);
INSERT INTO dinghy_class (id, name, crew_size, portsmouth_number, external_name, version) VALUES (47, "Tasar", 2, 1015, null, 0);
INSERT INTO dinghy_class (id, name, crew_size, portsmouth_number, external_name, version) VALUES (48, "Topper", 1, 1369, null, 0);
INSERT INTO dinghy_class (id, name, crew_size, portsmouth_number, external_name, version) VALUES (49, "Topper 4.2", 1, 1425, null, 0);
INSERT INTO dinghy_class (id, name, crew_size, portsmouth_number, external_name, version) VALUES (50, "Topper 6.4", 1, 1314, null, 0);
INSERT INTO dinghy_class (id, name, crew_size, portsmouth_number, external_name, version) VALUES (51, "Vision", 2, 1137, "RS VISION", 0);
INSERT INTO dinghy_class (id, name, crew_size, portsmouth_number, external_name, version) VALUES (52, "Wanderer", 2, 1188, null, 0);
INSERT INTO dinghy_class (id, name, crew_size, portsmouth_number, external_name, version) VALUES (53, "Wayfarer", 2, 1109, null, 0);

-- create dinghy records
INSERT INTO dinghy (id, sail_number, dinghy_class_id, version) VALUES (1, "5897", 1, 0);
INSERT INTO dinghy (id, sail_number, dinghy_class_id, version) VALUES (2, "7415", 1, 0);
INSERT INTO dinghy (id, sail_number, dinghy_class_id, version) VALUES (3, "8330", 1, 0);
INSERT INTO dinghy (id, sail_number, dinghy_class_id, version) VALUES (4, "1497", 2, 0);
INSERT INTO dinghy (id, sail_number, dinghy_class_id, version) VALUES (5, "1640", 2, 0);
INSERT INTO dinghy (id, sail_number, dinghy_class_id, version) VALUES (6, "1497", 3, 0);
INSERT INTO dinghy (id, sail_number, dinghy_class_id, version) VALUES (7, "1640", 3, 0);
INSERT INTO dinghy (id, sail_number, dinghy_class_id, version) VALUES (8, "3587", 3, 0);
INSERT INTO dinghy (id, sail_number, dinghy_class_id, version) VALUES (9, "8849", 4, 0);
INSERT INTO dinghy (id, sail_number, dinghy_class_id, version) VALUES (10, "9029", 4, 0);
INSERT INTO dinghy (id, sail_number, dinghy_class_id, version) VALUES (11, "9456", 4, 0);
INSERT INTO dinghy (id, sail_number, dinghy_class_id, version) VALUES (12, "9546", 4, 0);
INSERT INTO dinghy (id, sail_number, dinghy_class_id, version) VALUES (13, "5", 5, 0);
INSERT INTO dinghy (id, sail_number, dinghy_class_id, version) VALUES (14, "14", 5, 0);
INSERT INTO dinghy (id, sail_number, dinghy_class_id, version) VALUES (15, "15", 5, 0);
INSERT INTO dinghy (id, sail_number, dinghy_class_id, version) VALUES (16, "45", 5, 0);
INSERT INTO dinghy (id, sail_number, dinghy_class_id, version) VALUES (17, "64", 5, 0);
INSERT INTO dinghy (id, sail_number, dinghy_class_id, version) VALUES (18, "94", 5, 0);
INSERT INTO dinghy (id, sail_number, dinghy_class_id, version) VALUES (19, "115", 5, 0);
INSERT INTO dinghy (id, sail_number, dinghy_class_id, version) VALUES (20, "123", 5, 0);
INSERT INTO dinghy (id, sail_number, dinghy_class_id, version) VALUES (21, "145", 5, 0);
INSERT INTO dinghy (id, sail_number, dinghy_class_id, version) VALUES (22, "150", 5, 0);
INSERT INTO dinghy (id, sail_number, dinghy_class_id, version) VALUES (23, "174", 5, 0);
INSERT INTO dinghy (id, sail_number, dinghy_class_id, version) VALUES (24, "185", 5, 0);
INSERT INTO dinghy (id, sail_number, dinghy_class_id, version) VALUES (25, "211", 5, 0);
INSERT INTO dinghy (id, sail_number, dinghy_class_id, version) VALUES (26, "214", 5, 0);
INSERT INTO dinghy (id, sail_number, dinghy_class_id, version) VALUES (27, "221", 5, 0);
INSERT INTO dinghy (id, sail_number, dinghy_class_id, version) VALUES (28, "228", 5, 0);
INSERT INTO dinghy (id, sail_number, dinghy_class_id, version) VALUES (29, "232", 5, 0);
INSERT INTO dinghy (id, sail_number, dinghy_class_id, version) VALUES (30, "247", 5, 0);
INSERT INTO dinghy (id, sail_number, dinghy_class_id, version) VALUES (31, "252", 5, 0);
INSERT INTO dinghy (id, sail_number, dinghy_class_id, version) VALUES (32, "261", 5, 0);
INSERT INTO dinghy (id, sail_number, dinghy_class_id, version) VALUES (33, "290", 5, 0);
INSERT INTO dinghy (id, sail_number, dinghy_class_id, version) VALUES (34, "361", 5, 0);
INSERT INTO dinghy (id, sail_number, dinghy_class_id, version) VALUES (35, "383", 5, 0);
INSERT INTO dinghy (id, sail_number, dinghy_class_id, version) VALUES (36, "399", 5, 0);
INSERT INTO dinghy (id, sail_number, dinghy_class_id, version) VALUES (37, "430", 5, 0);
INSERT INTO dinghy (id, sail_number, dinghy_class_id, version) VALUES (38, "442", 5, 0);
INSERT INTO dinghy (id, sail_number, dinghy_class_id, version) VALUES (39, "462", 5, 0);
INSERT INTO dinghy (id, sail_number, dinghy_class_id, version) VALUES (40, "466", 5, 0);
INSERT INTO dinghy (id, sail_number, dinghy_class_id, version) VALUES (41, "472", 5, 0);
INSERT INTO dinghy (id, sail_number, dinghy_class_id, version) VALUES (42, "475", 5, 0);
INSERT INTO dinghy (id, sail_number, dinghy_class_id, version) VALUES (43, "513", 5, 0);
INSERT INTO dinghy (id, sail_number, dinghy_class_id, version) VALUES (44, "525", 5, 0);
INSERT INTO dinghy (id, sail_number, dinghy_class_id, version) VALUES (45, "555", 5, 0);
INSERT INTO dinghy (id, sail_number, dinghy_class_id, version) VALUES (46, "561", 5, 0);
INSERT INTO dinghy (id, sail_number, dinghy_class_id, version) VALUES (47, "595", 5, 0);
INSERT INTO dinghy (id, sail_number, dinghy_class_id, version) VALUES (48, "657", 5, 0);
INSERT INTO dinghy (id, sail_number, dinghy_class_id, version) VALUES (49, "677", 5, 0);
INSERT INTO dinghy (id, sail_number, dinghy_class_id, version) VALUES (50, "700", 5, 0);
INSERT INTO dinghy (id, sail_number, dinghy_class_id, version) VALUES (51, "748", 5, 0);
INSERT INTO dinghy (id, sail_number, dinghy_class_id, version) VALUES (52, "777", 5, 0);
INSERT INTO dinghy (id, sail_number, dinghy_class_id, version) VALUES (53, "778", 5, 0);
INSERT INTO dinghy (id, sail_number, dinghy_class_id, version) VALUES (54, "803", 5, 0);
INSERT INTO dinghy (id, sail_number, dinghy_class_id, version) VALUES (55, "806", 5, 0);
INSERT INTO dinghy (id, sail_number, dinghy_class_id, version) VALUES (56, "828", 5, 0);
INSERT INTO dinghy (id, sail_number, dinghy_class_id, version) VALUES (57, "880", 5, 0);
INSERT INTO dinghy (id, sail_number, dinghy_class_id, version) VALUES (58, "884", 5, 0);
INSERT INTO dinghy (id, sail_number, dinghy_class_id, version) VALUES (59, "886", 5, 0);
INSERT INTO dinghy (id, sail_number, dinghy_class_id, version) VALUES (60, "890", 5, 0);
INSERT INTO dinghy (id, sail_number, dinghy_class_id, version) VALUES (61, "892", 5, 0);
INSERT INTO dinghy (id, sail_number, dinghy_class_id, version) VALUES (62, "893", 5, 0);
INSERT INTO dinghy (id, sail_number, dinghy_class_id, version) VALUES (63, "903", 5, 0);
INSERT INTO dinghy (id, sail_number, dinghy_class_id, version) VALUES (64, "906", 5, 0);
INSERT INTO dinghy (id, sail_number, dinghy_class_id, version) VALUES (65, "1500", 5, 0);
INSERT INTO dinghy (id, sail_number, dinghy_class_id, version) VALUES (66, "2326", 5, 0);
INSERT INTO dinghy (id, sail_number, dinghy_class_id, version) VALUES (67, "5735", 5, 0);
INSERT INTO dinghy (id, sail_number, dinghy_class_id, version) VALUES (68, "171", 6, 0);
INSERT INTO dinghy (id, sail_number, dinghy_class_id, version) VALUES (69, "94", 7, 0);
INSERT INTO dinghy (id, sail_number, dinghy_class_id, version) VALUES (70, "2", 8, 0);
INSERT INTO dinghy (id, sail_number, dinghy_class_id, version) VALUES (71, "86", 8, 0);
INSERT INTO dinghy (id, sail_number, dinghy_class_id, version) VALUES (72, "1824", 8, 0);
INSERT INTO dinghy (id, sail_number, dinghy_class_id, version) VALUES (73, "1909", 8, 0);
INSERT INTO dinghy (id, sail_number, dinghy_class_id, version) VALUES (74, "2286", 8, 0);
INSERT INTO dinghy (id, sail_number, dinghy_class_id, version) VALUES (75, "2349", 8, 0);
INSERT INTO dinghy (id, sail_number, dinghy_class_id, version) VALUES (76, "6742", 8, 0);
INSERT INTO dinghy (id, sail_number, dinghy_class_id, version) VALUES (77, "8059", 8, 0);
INSERT INTO dinghy (id, sail_number, dinghy_class_id, version) VALUES (78, "11267", 8, 0);
INSERT INTO dinghy (id, sail_number, dinghy_class_id, version) VALUES (79, "12812", 8, 0);
INSERT INTO dinghy (id, sail_number, dinghy_class_id, version) VALUES (80, "13779", 8, 0);
INSERT INTO dinghy (id, sail_number, dinghy_class_id, version) VALUES (81, "14559", 8, 0);
INSERT INTO dinghy (id, sail_number, dinghy_class_id, version) VALUES (82, "15905", 8, 0);
INSERT INTO dinghy (id, sail_number, dinghy_class_id, version) VALUES (83, "16502", 8, 0);
INSERT INTO dinghy (id, sail_number, dinghy_class_id, version) VALUES (84, "17363", 8, 0);
INSERT INTO dinghy (id, sail_number, dinghy_class_id, version) VALUES (85, "18007", 8, 0);
INSERT INTO dinghy (id, sail_number, dinghy_class_id, version) VALUES (86, "18704", 8, 0);
INSERT INTO dinghy (id, sail_number, dinghy_class_id, version) VALUES (87, "18781", 8, 0);
INSERT INTO dinghy (id, sail_number, dinghy_class_id, version) VALUES (88, "18922", 8, 0);
INSERT INTO dinghy (id, sail_number, dinghy_class_id, version) VALUES (89, "18937", 8, 0);
INSERT INTO dinghy (id, sail_number, dinghy_class_id, version) VALUES (90, "19102", 8, 0);
INSERT INTO dinghy (id, sail_number, dinghy_class_id, version) VALUES (91, "19943", 8, 0);
INSERT INTO dinghy (id, sail_number, dinghy_class_id, version) VALUES (92, "20033", 8, 0);
INSERT INTO dinghy (id, sail_number, dinghy_class_id, version) VALUES (93, "20504", 8, 0);
INSERT INTO dinghy (id, sail_number, dinghy_class_id, version) VALUES (94, "20607", 8, 0);
INSERT INTO dinghy (id, sail_number, dinghy_class_id, version) VALUES (95, "20660", 8, 0);
INSERT INTO dinghy (id, sail_number, dinghy_class_id, version) VALUES (96, "20793", 8, 0);
INSERT INTO dinghy (id, sail_number, dinghy_class_id, version) VALUES (97, "20871", 8, 0);
INSERT INTO dinghy (id, sail_number, dinghy_class_id, version) VALUES (98, "21301", 8, 0);
INSERT INTO dinghy (id, sail_number, dinghy_class_id, version) VALUES (99, "21501", 8, 0);
INSERT INTO dinghy (id, sail_number, dinghy_class_id, version) VALUES (100, "21633", 8, 0);
INSERT INTO dinghy (id, sail_number, dinghy_class_id, version) VALUES (101, "21818", 8, 0);
INSERT INTO dinghy (id, sail_number, dinghy_class_id, version) VALUES (102, "21938", 8, 0);
INSERT INTO dinghy (id, sail_number, dinghy_class_id, version) VALUES (103, "21978", 8, 0);
INSERT INTO dinghy (id, sail_number, dinghy_class_id, version) VALUES (104, "22085", 8, 0);
INSERT INTO dinghy (id, sail_number, dinghy_class_id, version) VALUES (105, "22132", 8, 0);
INSERT INTO dinghy (id, sail_number, dinghy_class_id, version) VALUES (106, "22305", 8, 0);
INSERT INTO dinghy (id, sail_number, dinghy_class_id, version) VALUES (107, "22497", 8, 0);
INSERT INTO dinghy (id, sail_number, dinghy_class_id, version) VALUES (108, "22518", 8, 0);
INSERT INTO dinghy (id, sail_number, dinghy_class_id, version) VALUES (109, "22549", 8, 0);
INSERT INTO dinghy (id, sail_number, dinghy_class_id, version) VALUES (110, "22625", 8, 0);
INSERT INTO dinghy (id, sail_number, dinghy_class_id, version) VALUES (111, "22754", 8, 0);
INSERT INTO dinghy (id, sail_number, dinghy_class_id, version) VALUES (112, "22810", 8, 0);
INSERT INTO dinghy (id, sail_number, dinghy_class_id, version) VALUES (113, "22851", 8, 0);
INSERT INTO dinghy (id, sail_number, dinghy_class_id, version) VALUES (114, "22860", 8, 0);
INSERT INTO dinghy (id, sail_number, dinghy_class_id, version) VALUES (115, "22906", 8, 0);
INSERT INTO dinghy (id, sail_number, dinghy_class_id, version) VALUES (116, "22928", 8, 0);
INSERT INTO dinghy (id, sail_number, dinghy_class_id, version) VALUES (117, "22930", 8, 0);
INSERT INTO dinghy (id, sail_number, dinghy_class_id, version) VALUES (118, "22938", 8, 0);
INSERT INTO dinghy (id, sail_number, dinghy_class_id, version) VALUES (119, "23053", 8, 0);
INSERT INTO dinghy (id, sail_number, dinghy_class_id, version) VALUES (120, "23087", 8, 0);
INSERT INTO dinghy (id, sail_number, dinghy_class_id, version) VALUES (121, "23122", 8, 0);
INSERT INTO dinghy (id, sail_number, dinghy_class_id, version) VALUES (122, "23144", 8, 0);
INSERT INTO dinghy (id, sail_number, dinghy_class_id, version) VALUES (123, "23249", 8, 0);
INSERT INTO dinghy (id, sail_number, dinghy_class_id, version) VALUES (124, "28860", 8, 0);
INSERT INTO dinghy (id, sail_number, dinghy_class_id, version) VALUES (125, "30207", 8, 0);
INSERT INTO dinghy (id, sail_number, dinghy_class_id, version) VALUES (126, "23144", 9, 0);
INSERT INTO dinghy (id, sail_number, dinghy_class_id, version) VALUES (127, "521", 10, 0);
INSERT INTO dinghy (id, sail_number, dinghy_class_id, version) VALUES (128, "32", 11, 0);
INSERT INTO dinghy (id, sail_number, dinghy_class_id, version) VALUES (129, "43", 11, 0);
INSERT INTO dinghy (id, sail_number, dinghy_class_id, version) VALUES (130, "209", 11, 0);
INSERT INTO dinghy (id, sail_number, dinghy_class_id, version) VALUES (131, "739", 11, 0);
INSERT INTO dinghy (id, sail_number, dinghy_class_id, version) VALUES (132, "1809", 11, 0);
INSERT INTO dinghy (id, sail_number, dinghy_class_id, version) VALUES (133, "1867", 11, 0);
INSERT INTO dinghy (id, sail_number, dinghy_class_id, version) VALUES (134, "2095", 11, 0);
INSERT INTO dinghy (id, sail_number, dinghy_class_id, version) VALUES (135, "2097", 11, 0);
INSERT INTO dinghy (id, sail_number, dinghy_class_id, version) VALUES (136, "2166", 11, 0);
INSERT INTO dinghy (id, sail_number, dinghy_class_id, version) VALUES (137, "2292", 11, 0);
INSERT INTO dinghy (id, sail_number, dinghy_class_id, version) VALUES (138, "2486", 11, 0);
INSERT INTO dinghy (id, sail_number, dinghy_class_id, version) VALUES (139, "2774", 11, 0);
INSERT INTO dinghy (id, sail_number, dinghy_class_id, version) VALUES (140, "2816", 11, 0);
INSERT INTO dinghy (id, sail_number, dinghy_class_id, version) VALUES (141, "3005", 11, 0);
INSERT INTO dinghy (id, sail_number, dinghy_class_id, version) VALUES (142, "3007", 11, 0);
INSERT INTO dinghy (id, sail_number, dinghy_class_id, version) VALUES (143, "3154", 11, 0);
INSERT INTO dinghy (id, sail_number, dinghy_class_id, version) VALUES (144, "3512", 11, 0);
INSERT INTO dinghy (id, sail_number, dinghy_class_id, version) VALUES (145, "3600", 11, 0);
INSERT INTO dinghy (id, sail_number, dinghy_class_id, version) VALUES (146, "3713", 11, 0);
INSERT INTO dinghy (id, sail_number, dinghy_class_id, version) VALUES (147, "3772", 11, 0);
INSERT INTO dinghy (id, sail_number, dinghy_class_id, version) VALUES (148, "3893", 11, 0);
INSERT INTO dinghy (id, sail_number, dinghy_class_id, version) VALUES (149, "3919", 11, 0);
INSERT INTO dinghy (id, sail_number, dinghy_class_id, version) VALUES (150, "3966", 11, 0);
INSERT INTO dinghy (id, sail_number, dinghy_class_id, version) VALUES (151, "3983", 11, 0);
INSERT INTO dinghy (id, sail_number, dinghy_class_id, version) VALUES (152, "3999", 11, 0);
INSERT INTO dinghy (id, sail_number, dinghy_class_id, version) VALUES (153, "4107", 11, 0);
INSERT INTO dinghy (id, sail_number, dinghy_class_id, version) VALUES (154, "4234", 11, 0);
INSERT INTO dinghy (id, sail_number, dinghy_class_id, version) VALUES (155, "4249", 12, 0);
INSERT INTO dinghy (id, sail_number, dinghy_class_id, version) VALUES (156, "11748", 12, 0);
INSERT INTO dinghy (id, sail_number, dinghy_class_id, version) VALUES (157, "14040", 12, 0);
INSERT INTO dinghy (id, sail_number, dinghy_class_id, version) VALUES (158, "1", 13, 0);
INSERT INTO dinghy (id, sail_number, dinghy_class_id, version) VALUES (159, "88", 13, 0);
INSERT INTO dinghy (id, sail_number, dinghy_class_id, version) VALUES (160, "290", 13, 0);
INSERT INTO dinghy (id, sail_number, dinghy_class_id, version) VALUES (161, "301", 13, 0);
INSERT INTO dinghy (id, sail_number, dinghy_class_id, version) VALUES (162, "302", 13, 0);
INSERT INTO dinghy (id, sail_number, dinghy_class_id, version) VALUES (163, "2009", 13, 0);
INSERT INTO dinghy (id, sail_number, dinghy_class_id, version) VALUES (164, "2097", 13, 0);
INSERT INTO dinghy (id, sail_number, dinghy_class_id, version) VALUES (165, "2309", 13, 0);
INSERT INTO dinghy (id, sail_number, dinghy_class_id, version) VALUES (166, "2373", 13, 0);
INSERT INTO dinghy (id, sail_number, dinghy_class_id, version) VALUES (167, "2402", 13, 0);
INSERT INTO dinghy (id, sail_number, dinghy_class_id, version) VALUES (168, "2471", 13, 0);
INSERT INTO dinghy (id, sail_number, dinghy_class_id, version) VALUES (169, "2482", 13, 0);
INSERT INTO dinghy (id, sail_number, dinghy_class_id, version) VALUES (170, "2544", 13, 0);
INSERT INTO dinghy (id, sail_number, dinghy_class_id, version) VALUES (171, "2686", 13, 0);
INSERT INTO dinghy (id, sail_number, dinghy_class_id, version) VALUES (172, "2725", 13, 0);
INSERT INTO dinghy (id, sail_number, dinghy_class_id, version) VALUES (173, "2832", 13, 0);
INSERT INTO dinghy (id, sail_number, dinghy_class_id, version) VALUES (174, "2849", 13, 0);
INSERT INTO dinghy (id, sail_number, dinghy_class_id, version) VALUES (175, "2862", 13, 0);
INSERT INTO dinghy (id, sail_number, dinghy_class_id, version) VALUES (176, "2863", 13, 0);
INSERT INTO dinghy (id, sail_number, dinghy_class_id, version) VALUES (177, "2889", 13, 0);
INSERT INTO dinghy (id, sail_number, dinghy_class_id, version) VALUES (178, "2895", 13, 0);
INSERT INTO dinghy (id, sail_number, dinghy_class_id, version) VALUES (179, "2901", 13, 0);
INSERT INTO dinghy (id, sail_number, dinghy_class_id, version) VALUES (180, "2910", 13, 0);
INSERT INTO dinghy (id, sail_number, dinghy_class_id, version) VALUES (181, "2912", 13, 0);
INSERT INTO dinghy (id, sail_number, dinghy_class_id, version) VALUES (182, "2923", 13, 0);
INSERT INTO dinghy (id, sail_number, dinghy_class_id, version) VALUES (183, "2928", 13, 0);
INSERT INTO dinghy (id, sail_number, dinghy_class_id, version) VALUES (184, "2931", 13, 0);
INSERT INTO dinghy (id, sail_number, dinghy_class_id, version) VALUES (185, "2938", 13, 0);
INSERT INTO dinghy (id, sail_number, dinghy_class_id, version) VALUES (186, "2962", 13, 0);
INSERT INTO dinghy (id, sail_number, dinghy_class_id, version) VALUES (187, "2964", 13, 0);
INSERT INTO dinghy (id, sail_number, dinghy_class_id, version) VALUES (188, "2969", 13, 0);
INSERT INTO dinghy (id, sail_number, dinghy_class_id, version) VALUES (189, "2970", 13, 0);
INSERT INTO dinghy (id, sail_number, dinghy_class_id, version) VALUES (190, "2971", 13, 0);
INSERT INTO dinghy (id, sail_number, dinghy_class_id, version) VALUES (191, "2972", 13, 0);
INSERT INTO dinghy (id, sail_number, dinghy_class_id, version) VALUES (192, "2973", 13, 0);
INSERT INTO dinghy (id, sail_number, dinghy_class_id, version) VALUES (193, "2979", 13, 0);
INSERT INTO dinghy (id, sail_number, dinghy_class_id, version) VALUES (194, "2985", 13, 0);
INSERT INTO dinghy (id, sail_number, dinghy_class_id, version) VALUES (195, "2987", 13, 0);
INSERT INTO dinghy (id, sail_number, dinghy_class_id, version) VALUES (196, "3000", 13, 0);
INSERT INTO dinghy (id, sail_number, dinghy_class_id, version) VALUES (197, "3003", 13, 0);
INSERT INTO dinghy (id, sail_number, dinghy_class_id, version) VALUES (198, "3006", 13, 0);
INSERT INTO dinghy (id, sail_number, dinghy_class_id, version) VALUES (199, "3008", 13, 0);
INSERT INTO dinghy (id, sail_number, dinghy_class_id, version) VALUES (200, "3009", 13, 0);
INSERT INTO dinghy (id, sail_number, dinghy_class_id, version) VALUES (201, "3014", 13, 0);
INSERT INTO dinghy (id, sail_number, dinghy_class_id, version) VALUES (202, "3015", 13, 0);
INSERT INTO dinghy (id, sail_number, dinghy_class_id, version) VALUES (203, "3016", 13, 0);
INSERT INTO dinghy (id, sail_number, dinghy_class_id, version) VALUES (204, "3020", 13, 0);
INSERT INTO dinghy (id, sail_number, dinghy_class_id, version) VALUES (205, "3021", 13, 0);
INSERT INTO dinghy (id, sail_number, dinghy_class_id, version) VALUES (206, "3022", 13, 0);
INSERT INTO dinghy (id, sail_number, dinghy_class_id, version) VALUES (207, "3024", 13, 0);
INSERT INTO dinghy (id, sail_number, dinghy_class_id, version) VALUES (208, "3026", 13, 0);
INSERT INTO dinghy (id, sail_number, dinghy_class_id, version) VALUES (209, "3088", 13, 0);
INSERT INTO dinghy (id, sail_number, dinghy_class_id, version) VALUES (210, "2481", 14, 0);
INSERT INTO dinghy (id, sail_number, dinghy_class_id, version) VALUES (211, "2576", 14, 0);
INSERT INTO dinghy (id, sail_number, dinghy_class_id, version) VALUES (212, "2889", 14, 0);
INSERT INTO dinghy (id, sail_number, dinghy_class_id, version) VALUES (213, "2610", 15, 0);
INSERT INTO dinghy (id, sail_number, dinghy_class_id, version) VALUES (214, "7", 16, 0);
INSERT INTO dinghy (id, sail_number, dinghy_class_id, version) VALUES (215, "57", 16, 0);
INSERT INTO dinghy (id, sail_number, dinghy_class_id, version) VALUES (216, "361", 16, 0);
INSERT INTO dinghy (id, sail_number, dinghy_class_id, version) VALUES (217, "376", 16, 0);
INSERT INTO dinghy (id, sail_number, dinghy_class_id, version) VALUES (218, "1529", 16, 0);
INSERT INTO dinghy (id, sail_number, dinghy_class_id, version) VALUES (219, "2877", 16, 0);
INSERT INTO dinghy (id, sail_number, dinghy_class_id, version) VALUES (220, "3282", 16, 0);
INSERT INTO dinghy (id, sail_number, dinghy_class_id, version) VALUES (221, "5737", 16, 0);
INSERT INTO dinghy (id, sail_number, dinghy_class_id, version) VALUES (222, "6678", 16, 0);
INSERT INTO dinghy (id, sail_number, dinghy_class_id, version) VALUES (223, "6683", 16, 0);
INSERT INTO dinghy (id, sail_number, dinghy_class_id, version) VALUES (224, "7537", 16, 0);
INSERT INTO dinghy (id, sail_number, dinghy_class_id, version) VALUES (225, "8000", 16, 0);
INSERT INTO dinghy (id, sail_number, dinghy_class_id, version) VALUES (226, "8178", 16, 0);
INSERT INTO dinghy (id, sail_number, dinghy_class_id, version) VALUES (227, "8428", 16, 0);
INSERT INTO dinghy (id, sail_number, dinghy_class_id, version) VALUES (228, "8432", 16, 0);
INSERT INTO dinghy (id, sail_number, dinghy_class_id, version) VALUES (229, "8651", 16, 0);
INSERT INTO dinghy (id, sail_number, dinghy_class_id, version) VALUES (230, "8671", 16, 0);
INSERT INTO dinghy (id, sail_number, dinghy_class_id, version) VALUES (231, "9045", 16, 0);
INSERT INTO dinghy (id, sail_number, dinghy_class_id, version) VALUES (232, "9076", 16, 0);
INSERT INTO dinghy (id, sail_number, dinghy_class_id, version) VALUES (233, "9097", 16, 0);
INSERT INTO dinghy (id, sail_number, dinghy_class_id, version) VALUES (234, "9338", 16, 0);
INSERT INTO dinghy (id, sail_number, dinghy_class_id, version) VALUES (235, "9341", 16, 0);
INSERT INTO dinghy (id, sail_number, dinghy_class_id, version) VALUES (236, "9851", 16, 0);
INSERT INTO dinghy (id, sail_number, dinghy_class_id, version) VALUES (237, "9883", 16, 0);
INSERT INTO dinghy (id, sail_number, dinghy_class_id, version) VALUES (238, "10002", 16, 0);
INSERT INTO dinghy (id, sail_number, dinghy_class_id, version) VALUES (239, "10019", 16, 0);
INSERT INTO dinghy (id, sail_number, dinghy_class_id, version) VALUES (240, "10049", 16, 0);
INSERT INTO dinghy (id, sail_number, dinghy_class_id, version) VALUES (241, "10089", 16, 0);
INSERT INTO dinghy (id, sail_number, dinghy_class_id, version) VALUES (242, "10339", 16, 0);
INSERT INTO dinghy (id, sail_number, dinghy_class_id, version) VALUES (243, "10346", 16, 0);
INSERT INTO dinghy (id, sail_number, dinghy_class_id, version) VALUES (244, "10502", 16, 0);
INSERT INTO dinghy (id, sail_number, dinghy_class_id, version) VALUES (245, "10504", 16, 0);
INSERT INTO dinghy (id, sail_number, dinghy_class_id, version) VALUES (246, "16019", 16, 0);
INSERT INTO dinghy (id, sail_number, dinghy_class_id, version) VALUES (247, "17749", 16, 0);
INSERT INTO dinghy (id, sail_number, dinghy_class_id, version) VALUES (248, "7", 17, 0);
INSERT INTO dinghy (id, sail_number, dinghy_class_id, version) VALUES (249, "8651", 17, 0);
INSERT INTO dinghy (id, sail_number, dinghy_class_id, version) VALUES (250, "148", 18, 0);
INSERT INTO dinghy (id, sail_number, dinghy_class_id, version) VALUES (251, "53", 19, 0);
INSERT INTO dinghy (id, sail_number, dinghy_class_id, version) VALUES (252, "72", 19, 0);
INSERT INTO dinghy (id, sail_number, dinghy_class_id, version) VALUES (253, "99", 19, 0);
INSERT INTO dinghy (id, sail_number, dinghy_class_id, version) VALUES (254, "2507", 20, 0);
INSERT INTO dinghy (id, sail_number, dinghy_class_id, version) VALUES (255, "1", 21, 0);
INSERT INTO dinghy (id, sail_number, dinghy_class_id, version) VALUES (256, "58", 21, 0);
INSERT INTO dinghy (id, sail_number, dinghy_class_id, version) VALUES (257, "107", 21, 0);
INSERT INTO dinghy (id, sail_number, dinghy_class_id, version) VALUES (258, "182", 21, 0);
INSERT INTO dinghy (id, sail_number, dinghy_class_id, version) VALUES (259, "193", 21, 0);
INSERT INTO dinghy (id, sail_number, dinghy_class_id, version) VALUES (260, "777", 21, 0);
INSERT INTO dinghy (id, sail_number, dinghy_class_id, version) VALUES (261, "7966", 21, 0);
INSERT INTO dinghy (id, sail_number, dinghy_class_id, version) VALUES (262, "9766", 21, 0);
INSERT INTO dinghy (id, sail_number, dinghy_class_id, version) VALUES (263, "14000", 21, 0);
INSERT INTO dinghy (id, sail_number, dinghy_class_id, version) VALUES (264, "18525", 21, 0);
INSERT INTO dinghy (id, sail_number, dinghy_class_id, version) VALUES (265, "23249", 21, 0);
INSERT INTO dinghy (id, sail_number, dinghy_class_id, version) VALUES (266, "47834", 21, 0);
INSERT INTO dinghy (id, sail_number, dinghy_class_id, version) VALUES (267, "113726", 21, 0);
INSERT INTO dinghy (id, sail_number, dinghy_class_id, version) VALUES (268, "133234", 21, 0);
INSERT INTO dinghy (id, sail_number, dinghy_class_id, version) VALUES (269, "136101", 21, 0);
INSERT INTO dinghy (id, sail_number, dinghy_class_id, version) VALUES (270, "137284", 21, 0);
INSERT INTO dinghy (id, sail_number, dinghy_class_id, version) VALUES (271, "142258", 21, 0);
INSERT INTO dinghy (id, sail_number, dinghy_class_id, version) VALUES (272, "142802", 21, 0);
INSERT INTO dinghy (id, sail_number, dinghy_class_id, version) VALUES (273, "143596", 21, 0);
INSERT INTO dinghy (id, sail_number, dinghy_class_id, version) VALUES (274, "146159", 21, 0);
INSERT INTO dinghy (id, sail_number, dinghy_class_id, version) VALUES (275, "147053", 21, 0);
INSERT INTO dinghy (id, sail_number, dinghy_class_id, version) VALUES (276, "150232", 21, 0);
INSERT INTO dinghy (id, sail_number, dinghy_class_id, version) VALUES (277, "156219", 21, 0);
INSERT INTO dinghy (id, sail_number, dinghy_class_id, version) VALUES (278, "157573", 21, 0);
INSERT INTO dinghy (id, sail_number, dinghy_class_id, version) VALUES (279, "160563", 21, 0);
INSERT INTO dinghy (id, sail_number, dinghy_class_id, version) VALUES (280, "165522", 21, 0);
INSERT INTO dinghy (id, sail_number, dinghy_class_id, version) VALUES (281, "167926", 21, 0);
INSERT INTO dinghy (id, sail_number, dinghy_class_id, version) VALUES (282, "168994", 21, 0);
INSERT INTO dinghy (id, sail_number, dinghy_class_id, version) VALUES (283, "169036", 21, 0);
INSERT INTO dinghy (id, sail_number, dinghy_class_id, version) VALUES (284, "169616", 21, 0);
INSERT INTO dinghy (id, sail_number, dinghy_class_id, version) VALUES (285, "169988", 21, 0);
INSERT INTO dinghy (id, sail_number, dinghy_class_id, version) VALUES (286, "170603", 21, 0);
INSERT INTO dinghy (id, sail_number, dinghy_class_id, version) VALUES (287, "172128", 21, 0);
INSERT INTO dinghy (id, sail_number, dinghy_class_id, version) VALUES (288, "172163", 21, 0);
INSERT INTO dinghy (id, sail_number, dinghy_class_id, version) VALUES (289, "174959", 21, 0);
INSERT INTO dinghy (id, sail_number, dinghy_class_id, version) VALUES (290, "178075", 21, 0);
INSERT INTO dinghy (id, sail_number, dinghy_class_id, version) VALUES (291, "178078", 21, 0);
INSERT INTO dinghy (id, sail_number, dinghy_class_id, version) VALUES (292, "178203", 21, 0);
INSERT INTO dinghy (id, sail_number, dinghy_class_id, version) VALUES (293, "178383", 21, 0);
INSERT INTO dinghy (id, sail_number, dinghy_class_id, version) VALUES (294, "179663", 21, 0);
INSERT INTO dinghy (id, sail_number, dinghy_class_id, version) VALUES (295, "183441", 21, 0);
INSERT INTO dinghy (id, sail_number, dinghy_class_id, version) VALUES (296, "183522", 21, 0);
INSERT INTO dinghy (id, sail_number, dinghy_class_id, version) VALUES (297, "184353", 21, 0);
INSERT INTO dinghy (id, sail_number, dinghy_class_id, version) VALUES (298, "185251", 21, 0);
INSERT INTO dinghy (id, sail_number, dinghy_class_id, version) VALUES (299, "185603", 21, 0);
INSERT INTO dinghy (id, sail_number, dinghy_class_id, version) VALUES (300, "187439", 21, 0);
INSERT INTO dinghy (id, sail_number, dinghy_class_id, version) VALUES (301, "189450", 21, 0);
INSERT INTO dinghy (id, sail_number, dinghy_class_id, version) VALUES (302, "190995", 21, 0);
INSERT INTO dinghy (id, sail_number, dinghy_class_id, version) VALUES (303, "192500", 21, 0);
INSERT INTO dinghy (id, sail_number, dinghy_class_id, version) VALUES (304, "193722", 21, 0);
INSERT INTO dinghy (id, sail_number, dinghy_class_id, version) VALUES (305, "194776", 21, 0);
INSERT INTO dinghy (id, sail_number, dinghy_class_id, version) VALUES (306, "196614", 21, 0);
INSERT INTO dinghy (id, sail_number, dinghy_class_id, version) VALUES (307, "200633", 21, 0);
INSERT INTO dinghy (id, sail_number, dinghy_class_id, version) VALUES (308, "200663", 21, 0);
INSERT INTO dinghy (id, sail_number, dinghy_class_id, version) VALUES (309, "201481", 21, 0);
INSERT INTO dinghy (id, sail_number, dinghy_class_id, version) VALUES (310, "203311", 21, 0);
INSERT INTO dinghy (id, sail_number, dinghy_class_id, version) VALUES (311, "203969", 21, 0);
INSERT INTO dinghy (id, sail_number, dinghy_class_id, version) VALUES (312, "205685", 21, 0);
INSERT INTO dinghy (id, sail_number, dinghy_class_id, version) VALUES (313, "206854", 21, 0);
INSERT INTO dinghy (id, sail_number, dinghy_class_id, version) VALUES (314, "208509", 21, 0);
INSERT INTO dinghy (id, sail_number, dinghy_class_id, version) VALUES (315, "210778", 21, 0);
INSERT INTO dinghy (id, sail_number, dinghy_class_id, version) VALUES (316, "210779", 21, 0);
INSERT INTO dinghy (id, sail_number, dinghy_class_id, version) VALUES (317, "213719", 21, 0);
INSERT INTO dinghy (id, sail_number, dinghy_class_id, version) VALUES (318, "213772", 21, 0);
INSERT INTO dinghy (id, sail_number, dinghy_class_id, version) VALUES (319, "213774", 21, 0);
INSERT INTO dinghy (id, sail_number, dinghy_class_id, version) VALUES (320, "216616", 21, 0);
INSERT INTO dinghy (id, sail_number, dinghy_class_id, version) VALUES (321, "218252", 21, 0);
INSERT INTO dinghy (id, sail_number, dinghy_class_id, version) VALUES (322, "218253", 21, 0);
INSERT INTO dinghy (id, sail_number, dinghy_class_id, version) VALUES (323, "218525", 21, 0);
INSERT INTO dinghy (id, sail_number, dinghy_class_id, version) VALUES (324, "1778078", 21, 0);
INSERT INTO dinghy (id, sail_number, dinghy_class_id, version) VALUES (325, "118", 22, 0);
INSERT INTO dinghy (id, sail_number, dinghy_class_id, version) VALUES (326, "128", 22, 0);
INSERT INTO dinghy (id, sail_number, dinghy_class_id, version) VALUES (327, "170", 22, 0);
INSERT INTO dinghy (id, sail_number, dinghy_class_id, version) VALUES (328, "204", 22, 0);
INSERT INTO dinghy (id, sail_number, dinghy_class_id, version) VALUES (329, "210", 22, 0);
INSERT INTO dinghy (id, sail_number, dinghy_class_id, version) VALUES (330, "326", 22, 0);
INSERT INTO dinghy (id, sail_number, dinghy_class_id, version) VALUES (331, "528", 22, 0);
INSERT INTO dinghy (id, sail_number, dinghy_class_id, version) VALUES (332, "531", 22, 0);
INSERT INTO dinghy (id, sail_number, dinghy_class_id, version) VALUES (333, "689", 22, 0);
INSERT INTO dinghy (id, sail_number, dinghy_class_id, version) VALUES (334, "969", 22, 0);
INSERT INTO dinghy (id, sail_number, dinghy_class_id, version) VALUES (335, "66", 23, 0);
INSERT INTO dinghy (id, sail_number, dinghy_class_id, version) VALUES (336, "67", 23, 0);
INSERT INTO dinghy (id, sail_number, dinghy_class_id, version) VALUES (337, "1", 24, 0);
INSERT INTO dinghy (id, sail_number, dinghy_class_id, version) VALUES (338, "2", 24, 0);
INSERT INTO dinghy (id, sail_number, dinghy_class_id, version) VALUES (339, "3", 24, 0);
INSERT INTO dinghy (id, sail_number, dinghy_class_id, version) VALUES (340, "99", 24, 0);
INSERT INTO dinghy (id, sail_number, dinghy_class_id, version) VALUES (341, "101", 24, 0);
INSERT INTO dinghy (id, sail_number, dinghy_class_id, version) VALUES (342, "171", 24, 0);
INSERT INTO dinghy (id, sail_number, dinghy_class_id, version) VALUES (343, "182", 24, 0);
INSERT INTO dinghy (id, sail_number, dinghy_class_id, version) VALUES (344, "193", 24, 0);
INSERT INTO dinghy (id, sail_number, dinghy_class_id, version) VALUES (345, "2222", 24, 0);
INSERT INTO dinghy (id, sail_number, dinghy_class_id, version) VALUES (346, "123546", 24, 0);
INSERT INTO dinghy (id, sail_number, dinghy_class_id, version) VALUES (347, "133369", 24, 0);
INSERT INTO dinghy (id, sail_number, dinghy_class_id, version) VALUES (348, "151638", 24, 0);
INSERT INTO dinghy (id, sail_number, dinghy_class_id, version) VALUES (349, "165522", 24, 0);
INSERT INTO dinghy (id, sail_number, dinghy_class_id, version) VALUES (350, "170603", 24, 0);
INSERT INTO dinghy (id, sail_number, dinghy_class_id, version) VALUES (351, "174959", 24, 0);
INSERT INTO dinghy (id, sail_number, dinghy_class_id, version) VALUES (352, "176657", 24, 0);
INSERT INTO dinghy (id, sail_number, dinghy_class_id, version) VALUES (353, "177558", 24, 0);
INSERT INTO dinghy (id, sail_number, dinghy_class_id, version) VALUES (354, "178203", 24, 0);
INSERT INTO dinghy (id, sail_number, dinghy_class_id, version) VALUES (355, "190725", 24, 0);
INSERT INTO dinghy (id, sail_number, dinghy_class_id, version) VALUES (356, "194752", 24, 0);
INSERT INTO dinghy (id, sail_number, dinghy_class_id, version) VALUES (357, "198903", 24, 0);
INSERT INTO dinghy (id, sail_number, dinghy_class_id, version) VALUES (358, "203969", 24, 0);
INSERT INTO dinghy (id, sail_number, dinghy_class_id, version) VALUES (359, "211097", 24, 0);
INSERT INTO dinghy (id, sail_number, dinghy_class_id, version) VALUES (360, "216616", 24, 0);
INSERT INTO dinghy (id, sail_number, dinghy_class_id, version) VALUES (361, "3", 25, 0);
INSERT INTO dinghy (id, sail_number, dinghy_class_id, version) VALUES (362, "1234", 26, 0);
INSERT INTO dinghy (id, sail_number, dinghy_class_id, version) VALUES (363, "2", 27, 0);
INSERT INTO dinghy (id, sail_number, dinghy_class_id, version) VALUES (364, "10", 27, 0);
INSERT INTO dinghy (id, sail_number, dinghy_class_id, version) VALUES (365, "102", 27, 0);
INSERT INTO dinghy (id, sail_number, dinghy_class_id, version) VALUES (366, "123", 27, 0);
INSERT INTO dinghy (id, sail_number, dinghy_class_id, version) VALUES (367, "44521", 27, 0);
INSERT INTO dinghy (id, sail_number, dinghy_class_id, version) VALUES (368, "80987", 27, 0);
INSERT INTO dinghy (id, sail_number, dinghy_class_id, version) VALUES (369, "112147", 27, 0);
INSERT INTO dinghy (id, sail_number, dinghy_class_id, version) VALUES (370, "125722", 27, 0);
INSERT INTO dinghy (id, sail_number, dinghy_class_id, version) VALUES (371, "133369", 27, 0);
INSERT INTO dinghy (id, sail_number, dinghy_class_id, version) VALUES (372, "137284", 27, 0);
INSERT INTO dinghy (id, sail_number, dinghy_class_id, version) VALUES (373, "143596", 27, 0);
INSERT INTO dinghy (id, sail_number, dinghy_class_id, version) VALUES (374, "144276", 27, 0);
INSERT INTO dinghy (id, sail_number, dinghy_class_id, version) VALUES (375, "150232", 27, 0);
INSERT INTO dinghy (id, sail_number, dinghy_class_id, version) VALUES (376, "158096", 27, 0);
INSERT INTO dinghy (id, sail_number, dinghy_class_id, version) VALUES (377, "160563", 27, 0);
INSERT INTO dinghy (id, sail_number, dinghy_class_id, version) VALUES (378, "161572", 27, 0);
INSERT INTO dinghy (id, sail_number, dinghy_class_id, version) VALUES (379, "164635", 27, 0);
INSERT INTO dinghy (id, sail_number, dinghy_class_id, version) VALUES (380, "165522", 27, 0);
INSERT INTO dinghy (id, sail_number, dinghy_class_id, version) VALUES (381, "168994", 27, 0);
INSERT INTO dinghy (id, sail_number, dinghy_class_id, version) VALUES (382, "169036", 27, 0);
INSERT INTO dinghy (id, sail_number, dinghy_class_id, version) VALUES (383, "169988", 27, 0);
INSERT INTO dinghy (id, sail_number, dinghy_class_id, version) VALUES (384, "170431", 27, 0);
INSERT INTO dinghy (id, sail_number, dinghy_class_id, version) VALUES (385, "170494", 27, 0);
INSERT INTO dinghy (id, sail_number, dinghy_class_id, version) VALUES (386, "170603", 27, 0);
INSERT INTO dinghy (id, sail_number, dinghy_class_id, version) VALUES (387, "174688", 27, 0);
INSERT INTO dinghy (id, sail_number, dinghy_class_id, version) VALUES (388, "174959", 27, 0);
INSERT INTO dinghy (id, sail_number, dinghy_class_id, version) VALUES (389, "177558", 27, 0);
INSERT INTO dinghy (id, sail_number, dinghy_class_id, version) VALUES (390, "178078", 27, 0);
INSERT INTO dinghy (id, sail_number, dinghy_class_id, version) VALUES (391, "178203", 27, 0);
INSERT INTO dinghy (id, sail_number, dinghy_class_id, version) VALUES (392, "179663", 27, 0);
INSERT INTO dinghy (id, sail_number, dinghy_class_id, version) VALUES (393, "181368", 27, 0);
INSERT INTO dinghy (id, sail_number, dinghy_class_id, version) VALUES (394, "183441", 27, 0);
INSERT INTO dinghy (id, sail_number, dinghy_class_id, version) VALUES (395, "183522", 27, 0);
INSERT INTO dinghy (id, sail_number, dinghy_class_id, version) VALUES (396, "185251", 27, 0);
INSERT INTO dinghy (id, sail_number, dinghy_class_id, version) VALUES (397, "189450", 27, 0);
INSERT INTO dinghy (id, sail_number, dinghy_class_id, version) VALUES (398, "193028", 27, 0);
INSERT INTO dinghy (id, sail_number, dinghy_class_id, version) VALUES (399, "194776", 27, 0);
INSERT INTO dinghy (id, sail_number, dinghy_class_id, version) VALUES (400, "196614", 27, 0);
INSERT INTO dinghy (id, sail_number, dinghy_class_id, version) VALUES (401, "201084", 27, 0);
INSERT INTO dinghy (id, sail_number, dinghy_class_id, version) VALUES (402, "203311", 27, 0);
INSERT INTO dinghy (id, sail_number, dinghy_class_id, version) VALUES (403, "203969", 27, 0);
INSERT INTO dinghy (id, sail_number, dinghy_class_id, version) VALUES (404, "207704", 27, 0);
INSERT INTO dinghy (id, sail_number, dinghy_class_id, version) VALUES (405, "208509", 27, 0);
INSERT INTO dinghy (id, sail_number, dinghy_class_id, version) VALUES (406, "208519", 27, 0);
INSERT INTO dinghy (id, sail_number, dinghy_class_id, version) VALUES (407, "210779", 27, 0);
INSERT INTO dinghy (id, sail_number, dinghy_class_id, version) VALUES (408, "212783", 27, 0);
INSERT INTO dinghy (id, sail_number, dinghy_class_id, version) VALUES (409, "213772", 27, 0);
INSERT INTO dinghy (id, sail_number, dinghy_class_id, version) VALUES (410, "215379", 27, 0);
INSERT INTO dinghy (id, sail_number, dinghy_class_id, version) VALUES (411, "216236", 27, 0);
INSERT INTO dinghy (id, sail_number, dinghy_class_id, version) VALUES (412, "216616", 27, 0);
INSERT INTO dinghy (id, sail_number, dinghy_class_id, version) VALUES (413, "218253", 27, 0);
INSERT INTO dinghy (id, sail_number, dinghy_class_id, version) VALUES (414, "218261", 27, 0);
INSERT INTO dinghy (id, sail_number, dinghy_class_id, version) VALUES (415, "218525", 27, 0);
INSERT INTO dinghy (id, sail_number, dinghy_class_id, version) VALUES (416, "544", 28, 0);
INSERT INTO dinghy (id, sail_number, dinghy_class_id, version) VALUES (417, "14", 29, 0);
INSERT INTO dinghy (id, sail_number, dinghy_class_id, version) VALUES (418, "1301", 29, 0);
INSERT INTO dinghy (id, sail_number, dinghy_class_id, version) VALUES (419, "3950", 29, 0);
INSERT INTO dinghy (id, sail_number, dinghy_class_id, version) VALUES (420, "5085", 29, 0);
INSERT INTO dinghy (id, sail_number, dinghy_class_id, version) VALUES (421, "5985", 29, 0);
INSERT INTO dinghy (id, sail_number, dinghy_class_id, version) VALUES (422, "6989", 29, 0);
INSERT INTO dinghy (id, sail_number, dinghy_class_id, version) VALUES (423, "8959", 29, 0);
INSERT INTO dinghy (id, sail_number, dinghy_class_id, version) VALUES (424, "12068", 29, 0);
INSERT INTO dinghy (id, sail_number, dinghy_class_id, version) VALUES (425, "21045", 29, 0);
INSERT INTO dinghy (id, sail_number, dinghy_class_id, version) VALUES (426, "24943", 29, 0);
INSERT INTO dinghy (id, sail_number, dinghy_class_id, version) VALUES (427, "25108", 29, 0);
INSERT INTO dinghy (id, sail_number, dinghy_class_id, version) VALUES (428, "30357", 29, 0);
INSERT INTO dinghy (id, sail_number, dinghy_class_id, version) VALUES (429, "32443", 29, 0);
INSERT INTO dinghy (id, sail_number, dinghy_class_id, version) VALUES (430, "38202", 29, 0);
INSERT INTO dinghy (id, sail_number, dinghy_class_id, version) VALUES (431, "39508", 29, 0);
INSERT INTO dinghy (id, sail_number, dinghy_class_id, version) VALUES (432, "39757", 29, 0);
INSERT INTO dinghy (id, sail_number, dinghy_class_id, version) VALUES (433, "39949", 29, 0);
INSERT INTO dinghy (id, sail_number, dinghy_class_id, version) VALUES (434, "43034", 29, 0);
INSERT INTO dinghy (id, sail_number, dinghy_class_id, version) VALUES (435, "43345", 29, 0);
INSERT INTO dinghy (id, sail_number, dinghy_class_id, version) VALUES (436, "43452", 29, 0);
INSERT INTO dinghy (id, sail_number, dinghy_class_id, version) VALUES (437, "44372", 29, 0);
INSERT INTO dinghy (id, sail_number, dinghy_class_id, version) VALUES (438, "51010", 29, 0);
INSERT INTO dinghy (id, sail_number, dinghy_class_id, version) VALUES (439, "52547", 29, 0);
INSERT INTO dinghy (id, sail_number, dinghy_class_id, version) VALUES (440, "52649", 29, 0);
INSERT INTO dinghy (id, sail_number, dinghy_class_id, version) VALUES (441, "52878", 29, 0);
INSERT INTO dinghy (id, sail_number, dinghy_class_id, version) VALUES (442, "54192", 29, 0);
INSERT INTO dinghy (id, sail_number, dinghy_class_id, version) VALUES (443, "55937", 29, 0);
INSERT INTO dinghy (id, sail_number, dinghy_class_id, version) VALUES (444, "58454", 29, 0);
INSERT INTO dinghy (id, sail_number, dinghy_class_id, version) VALUES (445, "58507", 29, 0);
INSERT INTO dinghy (id, sail_number, dinghy_class_id, version) VALUES (446, "59236", 29, 0);
INSERT INTO dinghy (id, sail_number, dinghy_class_id, version) VALUES (447, "59736", 29, 0);
INSERT INTO dinghy (id, sail_number, dinghy_class_id, version) VALUES (448, "60754", 29, 0);
INSERT INTO dinghy (id, sail_number, dinghy_class_id, version) VALUES (449, "61139", 29, 0);
INSERT INTO dinghy (id, sail_number, dinghy_class_id, version) VALUES (450, "61827", 29, 0);
INSERT INTO dinghy (id, sail_number, dinghy_class_id, version) VALUES (451, "62954", 29, 0);
INSERT INTO dinghy (id, sail_number, dinghy_class_id, version) VALUES (452, "62958", 29, 0);
INSERT INTO dinghy (id, sail_number, dinghy_class_id, version) VALUES (453, "64385", 29, 0);
INSERT INTO dinghy (id, sail_number, dinghy_class_id, version) VALUES (454, "67304", 29, 0);
INSERT INTO dinghy (id, sail_number, dinghy_class_id, version) VALUES (455, "67507", 29, 0);
INSERT INTO dinghy (id, sail_number, dinghy_class_id, version) VALUES (456, "67675", 29, 0);
INSERT INTO dinghy (id, sail_number, dinghy_class_id, version) VALUES (457, "67929", 29, 0);
INSERT INTO dinghy (id, sail_number, dinghy_class_id, version) VALUES (458, "68070", 29, 0);
INSERT INTO dinghy (id, sail_number, dinghy_class_id, version) VALUES (459, "68331", 29, 0);
INSERT INTO dinghy (id, sail_number, dinghy_class_id, version) VALUES (460, "68827", 29, 0);
INSERT INTO dinghy (id, sail_number, dinghy_class_id, version) VALUES (461, "68831", 29, 0);
INSERT INTO dinghy (id, sail_number, dinghy_class_id, version) VALUES (462, "68960", 29, 0);
INSERT INTO dinghy (id, sail_number, dinghy_class_id, version) VALUES (463, "68996", 29, 0);
INSERT INTO dinghy (id, sail_number, dinghy_class_id, version) VALUES (464, "69139", 29, 0);
INSERT INTO dinghy (id, sail_number, dinghy_class_id, version) VALUES (465, "69254", 29, 0);
INSERT INTO dinghy (id, sail_number, dinghy_class_id, version) VALUES (466, "69420", 29, 0);
INSERT INTO dinghy (id, sail_number, dinghy_class_id, version) VALUES (467, "69421", 29, 0);
INSERT INTO dinghy (id, sail_number, dinghy_class_id, version) VALUES (468, "69891", 29, 0);
INSERT INTO dinghy (id, sail_number, dinghy_class_id, version) VALUES (469, "70055", 29, 0);
INSERT INTO dinghy (id, sail_number, dinghy_class_id, version) VALUES (470, "70163", 29, 0);
INSERT INTO dinghy (id, sail_number, dinghy_class_id, version) VALUES (471, "70222", 29, 0);
INSERT INTO dinghy (id, sail_number, dinghy_class_id, version) VALUES (472, "70348", 29, 0);
INSERT INTO dinghy (id, sail_number, dinghy_class_id, version) VALUES (473, "70682", 29, 0);
INSERT INTO dinghy (id, sail_number, dinghy_class_id, version) VALUES (474, "3280", 30, 0);
INSERT INTO dinghy (id, sail_number, dinghy_class_id, version) VALUES (475, "1", 31, 0);
INSERT INTO dinghy (id, sail_number, dinghy_class_id, version) VALUES (476, "2", 31, 0);
INSERT INTO dinghy (id, sail_number, dinghy_class_id, version) VALUES (477, "3", 31, 0);
INSERT INTO dinghy (id, sail_number, dinghy_class_id, version) VALUES (478, "6", 31, 0);
INSERT INTO dinghy (id, sail_number, dinghy_class_id, version) VALUES (479, "7", 31, 0);
INSERT INTO dinghy (id, sail_number, dinghy_class_id, version) VALUES (480, "34", 31, 0);
INSERT INTO dinghy (id, sail_number, dinghy_class_id, version) VALUES (481, "38", 31, 0);
INSERT INTO dinghy (id, sail_number, dinghy_class_id, version) VALUES (482, "703", 31, 0);
INSERT INTO dinghy (id, sail_number, dinghy_class_id, version) VALUES (483, "1805", 31, 0);
INSERT INTO dinghy (id, sail_number, dinghy_class_id, version) VALUES (484, "2326", 31, 0);
INSERT INTO dinghy (id, sail_number, dinghy_class_id, version) VALUES (485, "2556", 31, 0);
INSERT INTO dinghy (id, sail_number, dinghy_class_id, version) VALUES (486, "2990", 31, 0);
INSERT INTO dinghy (id, sail_number, dinghy_class_id, version) VALUES (487, "3942", 31, 0);
INSERT INTO dinghy (id, sail_number, dinghy_class_id, version) VALUES (488, "4025", 31, 0);
INSERT INTO dinghy (id, sail_number, dinghy_class_id, version) VALUES (489, "4042", 31, 0);
INSERT INTO dinghy (id, sail_number, dinghy_class_id, version) VALUES (490, "4070", 31, 0);
INSERT INTO dinghy (id, sail_number, dinghy_class_id, version) VALUES (491, "4326", 31, 0);
INSERT INTO dinghy (id, sail_number, dinghy_class_id, version) VALUES (492, "4533", 31, 0);
INSERT INTO dinghy (id, sail_number, dinghy_class_id, version) VALUES (493, "4535", 31, 0);
INSERT INTO dinghy (id, sail_number, dinghy_class_id, version) VALUES (494, "4717", 31, 0);
INSERT INTO dinghy (id, sail_number, dinghy_class_id, version) VALUES (495, "4912", 31, 0);
INSERT INTO dinghy (id, sail_number, dinghy_class_id, version) VALUES (496, "4939", 31, 0);
INSERT INTO dinghy (id, sail_number, dinghy_class_id, version) VALUES (497, "5009", 31, 0);
INSERT INTO dinghy (id, sail_number, dinghy_class_id, version) VALUES (498, "5011", 31, 0);
INSERT INTO dinghy (id, sail_number, dinghy_class_id, version) VALUES (499, "5018", 31, 0);
INSERT INTO dinghy (id, sail_number, dinghy_class_id, version) VALUES (500, "5054", 31, 0);
INSERT INTO dinghy (id, sail_number, dinghy_class_id, version) VALUES (501, "5131", 31, 0);
INSERT INTO dinghy (id, sail_number, dinghy_class_id, version) VALUES (502, "5136", 31, 0);
INSERT INTO dinghy (id, sail_number, dinghy_class_id, version) VALUES (503, "5195", 31, 0);
INSERT INTO dinghy (id, sail_number, dinghy_class_id, version) VALUES (504, "5498", 31, 0);
INSERT INTO dinghy (id, sail_number, dinghy_class_id, version) VALUES (505, "5558", 31, 0);
INSERT INTO dinghy (id, sail_number, dinghy_class_id, version) VALUES (506, "5568", 31, 0);
INSERT INTO dinghy (id, sail_number, dinghy_class_id, version) VALUES (507, "5624", 31, 0);
INSERT INTO dinghy (id, sail_number, dinghy_class_id, version) VALUES (508, "5705", 31, 0);
INSERT INTO dinghy (id, sail_number, dinghy_class_id, version) VALUES (509, "5727", 31, 0);
INSERT INTO dinghy (id, sail_number, dinghy_class_id, version) VALUES (510, "5740", 31, 0);
INSERT INTO dinghy (id, sail_number, dinghy_class_id, version) VALUES (511, "5784", 31, 0);
INSERT INTO dinghy (id, sail_number, dinghy_class_id, version) VALUES (512, "5804", 31, 0);
INSERT INTO dinghy (id, sail_number, dinghy_class_id, version) VALUES (513, "5831", 31, 0);
INSERT INTO dinghy (id, sail_number, dinghy_class_id, version) VALUES (514, "5839", 31, 0);
INSERT INTO dinghy (id, sail_number, dinghy_class_id, version) VALUES (515, "6058", 31, 0);
INSERT INTO dinghy (id, sail_number, dinghy_class_id, version) VALUES (516, "6113", 31, 0);
INSERT INTO dinghy (id, sail_number, dinghy_class_id, version) VALUES (517, "6189", 31, 0);
INSERT INTO dinghy (id, sail_number, dinghy_class_id, version) VALUES (518, "6278", 31, 0);
INSERT INTO dinghy (id, sail_number, dinghy_class_id, version) VALUES (519, "6309", 31, 0);
INSERT INTO dinghy (id, sail_number, dinghy_class_id, version) VALUES (520, "6349", 31, 0);
INSERT INTO dinghy (id, sail_number, dinghy_class_id, version) VALUES (521, "6459", 31, 0);
INSERT INTO dinghy (id, sail_number, dinghy_class_id, version) VALUES (522, "37493", 31, 0);
INSERT INTO dinghy (id, sail_number, dinghy_class_id, version) VALUES (523, "51951", 31, 0);
INSERT INTO dinghy (id, sail_number, dinghy_class_id, version) VALUES (524, "49", 32, 0);
INSERT INTO dinghy (id, sail_number, dinghy_class_id, version) VALUES (525, "1298", 32, 0);
INSERT INTO dinghy (id, sail_number, dinghy_class_id, version) VALUES (526, "1843", 32, 0);
INSERT INTO dinghy (id, sail_number, dinghy_class_id, version) VALUES (527, "1057", 33, 0);
INSERT INTO dinghy (id, sail_number, dinghy_class_id, version) VALUES (528, "1116", 33, 0);
INSERT INTO dinghy (id, sail_number, dinghy_class_id, version) VALUES (529, "1153", 33, 0);
INSERT INTO dinghy (id, sail_number, dinghy_class_id, version) VALUES (530, "1241", 33, 0);
INSERT INTO dinghy (id, sail_number, dinghy_class_id, version) VALUES (531, "1429", 33, 0);
INSERT INTO dinghy (id, sail_number, dinghy_class_id, version) VALUES (532, "5573", 33, 0);
INSERT INTO dinghy (id, sail_number, dinghy_class_id, version) VALUES (533, "5773", 33, 0);
INSERT INTO dinghy (id, sail_number, dinghy_class_id, version) VALUES (534, "17", 34, 0);
INSERT INTO dinghy (id, sail_number, dinghy_class_id, version) VALUES (535, "178", 34, 0);
INSERT INTO dinghy (id, sail_number, dinghy_class_id, version) VALUES (536, "212", 35, 0);
INSERT INTO dinghy (id, sail_number, dinghy_class_id, version) VALUES (537, "2127", 36, 0);
INSERT INTO dinghy (id, sail_number, dinghy_class_id, version) VALUES (538, "1452", 37, 0);
INSERT INTO dinghy (id, sail_number, dinghy_class_id, version) VALUES (539, "2251", 37, 0);
INSERT INTO dinghy (id, sail_number, dinghy_class_id, version) VALUES (540, "2383", 37, 0);
INSERT INTO dinghy (id, sail_number, dinghy_class_id, version) VALUES (541, "3697", 37, 0);
INSERT INTO dinghy (id, sail_number, dinghy_class_id, version) VALUES (542, "3974", 37, 0);
INSERT INTO dinghy (id, sail_number, dinghy_class_id, version) VALUES (543, "294", 39, 0);
INSERT INTO dinghy (id, sail_number, dinghy_class_id, version) VALUES (544, "327", 39, 0);
INSERT INTO dinghy (id, sail_number, dinghy_class_id, version) VALUES (545, "1530", 39, 0);
INSERT INTO dinghy (id, sail_number, dinghy_class_id, version) VALUES (546, "1", 39, 0);
INSERT INTO dinghy (id, sail_number, dinghy_class_id, version) VALUES (547, "500", 40, 0);
INSERT INTO dinghy (id, sail_number, dinghy_class_id, version) VALUES (548, "299", 41, 0);
INSERT INTO dinghy (id, sail_number, dinghy_class_id, version) VALUES (549, "306", 41, 0);
INSERT INTO dinghy (id, sail_number, dinghy_class_id, version) VALUES (550, "380", 42, 0);
INSERT INTO dinghy (id, sail_number, dinghy_class_id, version) VALUES (551, "1009", 42, 0);
INSERT INTO dinghy (id, sail_number, dinghy_class_id, version) VALUES (552, "1331", 42, 0);
INSERT INTO dinghy (id, sail_number, dinghy_class_id, version) VALUES (553, "19", 43, 0);
INSERT INTO dinghy (id, sail_number, dinghy_class_id, version) VALUES (554, "921", 43, 0);
INSERT INTO dinghy (id, sail_number, dinghy_class_id, version) VALUES (555, "927", 43, 0);
INSERT INTO dinghy (id, sail_number, dinghy_class_id, version) VALUES (556, "1685", 43, 0);
INSERT INTO dinghy (id, sail_number, dinghy_class_id, version) VALUES (557, "1921", 43, 0);
INSERT INTO dinghy (id, sail_number, dinghy_class_id, version) VALUES (558, "1937", 43, 0);
INSERT INTO dinghy (id, sail_number, dinghy_class_id, version) VALUES (559, "1957", 43, 0);
INSERT INTO dinghy (id, sail_number, dinghy_class_id, version) VALUES (560, "2003", 43, 0);
INSERT INTO dinghy (id, sail_number, dinghy_class_id, version) VALUES (561, "2008", 43, 0);
INSERT INTO dinghy (id, sail_number, dinghy_class_id, version) VALUES (562, "2010", 43, 0);
INSERT INTO dinghy (id, sail_number, dinghy_class_id, version) VALUES (563, "2019", 43, 0);
INSERT INTO dinghy (id, sail_number, dinghy_class_id, version) VALUES (564, "66", 44, 0);
INSERT INTO dinghy (id, sail_number, dinghy_class_id, version) VALUES (565, "376", 44, 0);
INSERT INTO dinghy (id, sail_number, dinghy_class_id, version) VALUES (566, "442", 44, 0);
INSERT INTO dinghy (id, sail_number, dinghy_class_id, version) VALUES (567, "515", 44, 0);
INSERT INTO dinghy (id, sail_number, dinghy_class_id, version) VALUES (568, "736", 44, 0);
INSERT INTO dinghy (id, sail_number, dinghy_class_id, version) VALUES (569, "1432", 44, 0);
INSERT INTO dinghy (id, sail_number, dinghy_class_id, version) VALUES (570, "1473", 44, 0);
INSERT INTO dinghy (id, sail_number, dinghy_class_id, version) VALUES (571, "1782", 44, 0);
INSERT INTO dinghy (id, sail_number, dinghy_class_id, version) VALUES (572, "2153", 44, 0);
INSERT INTO dinghy (id, sail_number, dinghy_class_id, version) VALUES (573, "2413", 44, 0);
INSERT INTO dinghy (id, sail_number, dinghy_class_id, version) VALUES (574, "2416", 44, 0);
INSERT INTO dinghy (id, sail_number, dinghy_class_id, version) VALUES (575, "3061", 44, 0);
INSERT INTO dinghy (id, sail_number, dinghy_class_id, version) VALUES (576, "3340", 44, 0);
INSERT INTO dinghy (id, sail_number, dinghy_class_id, version) VALUES (577, "3520", 44, 0);
INSERT INTO dinghy (id, sail_number, dinghy_class_id, version) VALUES (578, "3596", 44, 0);
INSERT INTO dinghy (id, sail_number, dinghy_class_id, version) VALUES (579, "3786", 44, 0);
INSERT INTO dinghy (id, sail_number, dinghy_class_id, version) VALUES (580, "3977", 44, 0);
INSERT INTO dinghy (id, sail_number, dinghy_class_id, version) VALUES (581, "4318", 44, 0);
INSERT INTO dinghy (id, sail_number, dinghy_class_id, version) VALUES (582, "4372", 44, 0);
INSERT INTO dinghy (id, sail_number, dinghy_class_id, version) VALUES (583, "4376", 44, 0);
INSERT INTO dinghy (id, sail_number, dinghy_class_id, version) VALUES (584, "4428", 44, 0);
INSERT INTO dinghy (id, sail_number, dinghy_class_id, version) VALUES (585, "4442", 44, 0);
INSERT INTO dinghy (id, sail_number, dinghy_class_id, version) VALUES (586, "4448", 44, 0);
INSERT INTO dinghy (id, sail_number, dinghy_class_id, version) VALUES (587, "4562", 44, 0);
INSERT INTO dinghy (id, sail_number, dinghy_class_id, version) VALUES (588, "4573", 44, 0);
INSERT INTO dinghy (id, sail_number, dinghy_class_id, version) VALUES (589, "4660", 44, 0);
INSERT INTO dinghy (id, sail_number, dinghy_class_id, version) VALUES (590, "4670", 44, 0);
INSERT INTO dinghy (id, sail_number, dinghy_class_id, version) VALUES (591, "4688", 44, 0);
INSERT INTO dinghy (id, sail_number, dinghy_class_id, version) VALUES (592, "4690", 44, 0);
INSERT INTO dinghy (id, sail_number, dinghy_class_id, version) VALUES (593, "4801", 44, 0);
INSERT INTO dinghy (id, sail_number, dinghy_class_id, version) VALUES (594, "4853", 44, 0);
INSERT INTO dinghy (id, sail_number, dinghy_class_id, version) VALUES (595, "4871", 44, 0);
INSERT INTO dinghy (id, sail_number, dinghy_class_id, version) VALUES (596, "4884", 44, 0);
INSERT INTO dinghy (id, sail_number, dinghy_class_id, version) VALUES (597, "4889", 44, 0);
INSERT INTO dinghy (id, sail_number, dinghy_class_id, version) VALUES (598, "4960", 44, 0);
INSERT INTO dinghy (id, sail_number, dinghy_class_id, version) VALUES (599, "4986", 44, 0);
INSERT INTO dinghy (id, sail_number, dinghy_class_id, version) VALUES (600, "5002", 44, 0);
INSERT INTO dinghy (id, sail_number, dinghy_class_id, version) VALUES (601, "5045", 44, 0);
INSERT INTO dinghy (id, sail_number, dinghy_class_id, version) VALUES (602, "5147", 44, 0);
INSERT INTO dinghy (id, sail_number, dinghy_class_id, version) VALUES (603, "5152", 44, 0);
INSERT INTO dinghy (id, sail_number, dinghy_class_id, version) VALUES (604, "5167", 44, 0);
INSERT INTO dinghy (id, sail_number, dinghy_class_id, version) VALUES (605, "5200", 44, 0);
INSERT INTO dinghy (id, sail_number, dinghy_class_id, version) VALUES (606, "5229", 44, 0);
INSERT INTO dinghy (id, sail_number, dinghy_class_id, version) VALUES (607, "5230", 44, 0);
INSERT INTO dinghy (id, sail_number, dinghy_class_id, version) VALUES (608, "5238", 44, 0);
INSERT INTO dinghy (id, sail_number, dinghy_class_id, version) VALUES (609, "5264", 44, 0);
INSERT INTO dinghy (id, sail_number, dinghy_class_id, version) VALUES (610, "5265", 44, 0);
INSERT INTO dinghy (id, sail_number, dinghy_class_id, version) VALUES (611, "5276", 44, 0);
INSERT INTO dinghy (id, sail_number, dinghy_class_id, version) VALUES (612, "5284", 44, 0);
INSERT INTO dinghy (id, sail_number, dinghy_class_id, version) VALUES (613, "5328", 44, 0);
INSERT INTO dinghy (id, sail_number, dinghy_class_id, version) VALUES (614, "5357", 44, 0);
INSERT INTO dinghy (id, sail_number, dinghy_class_id, version) VALUES (615, "5375", 44, 0);
INSERT INTO dinghy (id, sail_number, dinghy_class_id, version) VALUES (616, "5385", 44, 0);
INSERT INTO dinghy (id, sail_number, dinghy_class_id, version) VALUES (617, "5465", 44, 0);
INSERT INTO dinghy (id, sail_number, dinghy_class_id, version) VALUES (618, "5500", 44, 0);
INSERT INTO dinghy (id, sail_number, dinghy_class_id, version) VALUES (619, "5501", 44, 0);
INSERT INTO dinghy (id, sail_number, dinghy_class_id, version) VALUES (620, "5543", 44, 0);
INSERT INTO dinghy (id, sail_number, dinghy_class_id, version) VALUES (621, "5572", 44, 0);
INSERT INTO dinghy (id, sail_number, dinghy_class_id, version) VALUES (622, "5593", 44, 0);
INSERT INTO dinghy (id, sail_number, dinghy_class_id, version) VALUES (623, "5595", 44, 0);
INSERT INTO dinghy (id, sail_number, dinghy_class_id, version) VALUES (624, "5619", 44, 0);
INSERT INTO dinghy (id, sail_number, dinghy_class_id, version) VALUES (625, "5625", 44, 0);
INSERT INTO dinghy (id, sail_number, dinghy_class_id, version) VALUES (626, "5760", 44, 0);
INSERT INTO dinghy (id, sail_number, dinghy_class_id, version) VALUES (627, "5770", 44, 0);
INSERT INTO dinghy (id, sail_number, dinghy_class_id, version) VALUES (628, "5939", 44, 0);
INSERT INTO dinghy (id, sail_number, dinghy_class_id, version) VALUES (629, "5940", 44, 0);
INSERT INTO dinghy (id, sail_number, dinghy_class_id, version) VALUES (630, "6264", 44, 0);
INSERT INTO dinghy (id, sail_number, dinghy_class_id, version) VALUES (631, "1709", 45, 0);
INSERT INTO dinghy (id, sail_number, dinghy_class_id, version) VALUES (632, "1819", 45, 0);
INSERT INTO dinghy (id, sail_number, dinghy_class_id, version) VALUES (633, "1887", 45, 0);
INSERT INTO dinghy (id, sail_number, dinghy_class_id, version) VALUES (634, "1891", 45, 0);
INSERT INTO dinghy (id, sail_number, dinghy_class_id, version) VALUES (635, "1953", 45, 0);
INSERT INTO dinghy (id, sail_number, dinghy_class_id, version) VALUES (636, "641", 46, 0);
INSERT INTO dinghy (id, sail_number, dinghy_class_id, version) VALUES (637, "1063", 46, 0);
INSERT INTO dinghy (id, sail_number, dinghy_class_id, version) VALUES (638, "2154", 47, 0);
INSERT INTO dinghy (id, sail_number, dinghy_class_id, version) VALUES (639, "42", 48, 0);
INSERT INTO dinghy (id, sail_number, dinghy_class_id, version) VALUES (640, "51", 48, 0);
INSERT INTO dinghy (id, sail_number, dinghy_class_id, version) VALUES (641, "678", 48, 0);
INSERT INTO dinghy (id, sail_number, dinghy_class_id, version) VALUES (642, "3024", 48, 0);
INSERT INTO dinghy (id, sail_number, dinghy_class_id, version) VALUES (643, "3035", 48, 0);
INSERT INTO dinghy (id, sail_number, dinghy_class_id, version) VALUES (644, "5859", 48, 0);
INSERT INTO dinghy (id, sail_number, dinghy_class_id, version) VALUES (645, "6528", 48, 0);
INSERT INTO dinghy (id, sail_number, dinghy_class_id, version) VALUES (646, "8708", 48, 0);
INSERT INTO dinghy (id, sail_number, dinghy_class_id, version) VALUES (647, "10000", 48, 0);
INSERT INTO dinghy (id, sail_number, dinghy_class_id, version) VALUES (648, "10933", 48, 0);
INSERT INTO dinghy (id, sail_number, dinghy_class_id, version) VALUES (649, "11747", 48, 0);
INSERT INTO dinghy (id, sail_number, dinghy_class_id, version) VALUES (650, "12831", 48, 0);
INSERT INTO dinghy (id, sail_number, dinghy_class_id, version) VALUES (651, "14010", 48, 0);
INSERT INTO dinghy (id, sail_number, dinghy_class_id, version) VALUES (652, "14940", 48, 0);
INSERT INTO dinghy (id, sail_number, dinghy_class_id, version) VALUES (653, "16445", 48, 0);
INSERT INTO dinghy (id, sail_number, dinghy_class_id, version) VALUES (654, "16727", 48, 0);
INSERT INTO dinghy (id, sail_number, dinghy_class_id, version) VALUES (655, "19544", 48, 0);
INSERT INTO dinghy (id, sail_number, dinghy_class_id, version) VALUES (656, "20581", 48, 0);
INSERT INTO dinghy (id, sail_number, dinghy_class_id, version) VALUES (657, "21176", 48, 0);
INSERT INTO dinghy (id, sail_number, dinghy_class_id, version) VALUES (658, "22388", 48, 0);
INSERT INTO dinghy (id, sail_number, dinghy_class_id, version) VALUES (659, "22975", 48, 0);
INSERT INTO dinghy (id, sail_number, dinghy_class_id, version) VALUES (660, "23022", 48, 0);
INSERT INTO dinghy (id, sail_number, dinghy_class_id, version) VALUES (661, "23031", 48, 0);
INSERT INTO dinghy (id, sail_number, dinghy_class_id, version) VALUES (662, "23103", 48, 0);
INSERT INTO dinghy (id, sail_number, dinghy_class_id, version) VALUES (663, "23359", 48, 0);
INSERT INTO dinghy (id, sail_number, dinghy_class_id, version) VALUES (664, "23509", 48, 0);
INSERT INTO dinghy (id, sail_number, dinghy_class_id, version) VALUES (665, "23922", 48, 0);
INSERT INTO dinghy (id, sail_number, dinghy_class_id, version) VALUES (666, "24017", 48, 0);
INSERT INTO dinghy (id, sail_number, dinghy_class_id, version) VALUES (667, "24333", 48, 0);
INSERT INTO dinghy (id, sail_number, dinghy_class_id, version) VALUES (668, "24425", 48, 0);
INSERT INTO dinghy (id, sail_number, dinghy_class_id, version) VALUES (669, "24701", 48, 0);
INSERT INTO dinghy (id, sail_number, dinghy_class_id, version) VALUES (670, "24993", 48, 0);
INSERT INTO dinghy (id, sail_number, dinghy_class_id, version) VALUES (671, "25274", 48, 0);
INSERT INTO dinghy (id, sail_number, dinghy_class_id, version) VALUES (672, "25299", 48, 0);
INSERT INTO dinghy (id, sail_number, dinghy_class_id, version) VALUES (673, "26205", 48, 0);
INSERT INTO dinghy (id, sail_number, dinghy_class_id, version) VALUES (674, "27163", 48, 0);
INSERT INTO dinghy (id, sail_number, dinghy_class_id, version) VALUES (675, "27371", 48, 0);
INSERT INTO dinghy (id, sail_number, dinghy_class_id, version) VALUES (676, "27555", 48, 0);
INSERT INTO dinghy (id, sail_number, dinghy_class_id, version) VALUES (677, "27668", 48, 0);
INSERT INTO dinghy (id, sail_number, dinghy_class_id, version) VALUES (678, "27839", 48, 0);
INSERT INTO dinghy (id, sail_number, dinghy_class_id, version) VALUES (679, "28007", 48, 0);
INSERT INTO dinghy (id, sail_number, dinghy_class_id, version) VALUES (680, "28229", 48, 0);
INSERT INTO dinghy (id, sail_number, dinghy_class_id, version) VALUES (681, "28283", 48, 0);
INSERT INTO dinghy (id, sail_number, dinghy_class_id, version) VALUES (682, "28337", 48, 0);
INSERT INTO dinghy (id, sail_number, dinghy_class_id, version) VALUES (683, "28453", 48, 0);
INSERT INTO dinghy (id, sail_number, dinghy_class_id, version) VALUES (684, "28590", 48, 0);
INSERT INTO dinghy (id, sail_number, dinghy_class_id, version) VALUES (685, "28950", 48, 0);
INSERT INTO dinghy (id, sail_number, dinghy_class_id, version) VALUES (686, "29268", 48, 0);
INSERT INTO dinghy (id, sail_number, dinghy_class_id, version) VALUES (687, "29649", 48, 0);
INSERT INTO dinghy (id, sail_number, dinghy_class_id, version) VALUES (688, "30355", 48, 0);
INSERT INTO dinghy (id, sail_number, dinghy_class_id, version) VALUES (689, "30357", 48, 0);
INSERT INTO dinghy (id, sail_number, dinghy_class_id, version) VALUES (690, "30888", 48, 0);
INSERT INTO dinghy (id, sail_number, dinghy_class_id, version) VALUES (691, "31059", 48, 0);
INSERT INTO dinghy (id, sail_number, dinghy_class_id, version) VALUES (692, "31578", 48, 0);
INSERT INTO dinghy (id, sail_number, dinghy_class_id, version) VALUES (693, "31696", 48, 0);
INSERT INTO dinghy (id, sail_number, dinghy_class_id, version) VALUES (694, "31746", 48, 0);
INSERT INTO dinghy (id, sail_number, dinghy_class_id, version) VALUES (695, "31891", 48, 0);
INSERT INTO dinghy (id, sail_number, dinghy_class_id, version) VALUES (696, "32848", 48, 0);
INSERT INTO dinghy (id, sail_number, dinghy_class_id, version) VALUES (697, "33842", 48, 0);
INSERT INTO dinghy (id, sail_number, dinghy_class_id, version) VALUES (698, "33975", 48, 0);
INSERT INTO dinghy (id, sail_number, dinghy_class_id, version) VALUES (699, "34264", 48, 0);
INSERT INTO dinghy (id, sail_number, dinghy_class_id, version) VALUES (700, "34327", 48, 0);
INSERT INTO dinghy (id, sail_number, dinghy_class_id, version) VALUES (701, "34334", 48, 0);
INSERT INTO dinghy (id, sail_number, dinghy_class_id, version) VALUES (702, "34337", 48, 0);
INSERT INTO dinghy (id, sail_number, dinghy_class_id, version) VALUES (703, "34339", 48, 0);
INSERT INTO dinghy (id, sail_number, dinghy_class_id, version) VALUES (704, "35000", 48, 0);
INSERT INTO dinghy (id, sail_number, dinghy_class_id, version) VALUES (705, "35135", 48, 0);
INSERT INTO dinghy (id, sail_number, dinghy_class_id, version) VALUES (706, "35331", 48, 0);
INSERT INTO dinghy (id, sail_number, dinghy_class_id, version) VALUES (707, "35619", 48, 0);
INSERT INTO dinghy (id, sail_number, dinghy_class_id, version) VALUES (708, "35995", 48, 0);
INSERT INTO dinghy (id, sail_number, dinghy_class_id, version) VALUES (709, "36341", 48, 0);
INSERT INTO dinghy (id, sail_number, dinghy_class_id, version) VALUES (710, "37200", 48, 0);
INSERT INTO dinghy (id, sail_number, dinghy_class_id, version) VALUES (711, "37493", 48, 0);
INSERT INTO dinghy (id, sail_number, dinghy_class_id, version) VALUES (712, "40025", 48, 0);
INSERT INTO dinghy (id, sail_number, dinghy_class_id, version) VALUES (713, "41316", 48, 0);
INSERT INTO dinghy (id, sail_number, dinghy_class_id, version) VALUES (714, "41400", 48, 0);
INSERT INTO dinghy (id, sail_number, dinghy_class_id, version) VALUES (715, "41623", 48, 0);
INSERT INTO dinghy (id, sail_number, dinghy_class_id, version) VALUES (716, "41850", 48, 0);
INSERT INTO dinghy (id, sail_number, dinghy_class_id, version) VALUES (717, "41968", 48, 0);
INSERT INTO dinghy (id, sail_number, dinghy_class_id, version) VALUES (718, "42208", 48, 0);
INSERT INTO dinghy (id, sail_number, dinghy_class_id, version) VALUES (719, "42210", 48, 0);
INSERT INTO dinghy (id, sail_number, dinghy_class_id, version) VALUES (720, "42232", 48, 0);
INSERT INTO dinghy (id, sail_number, dinghy_class_id, version) VALUES (721, "42300", 48, 0);
INSERT INTO dinghy (id, sail_number, dinghy_class_id, version) VALUES (722, "42424", 48, 0);
INSERT INTO dinghy (id, sail_number, dinghy_class_id, version) VALUES (723, "42500", 48, 0);
INSERT INTO dinghy (id, sail_number, dinghy_class_id, version) VALUES (724, "42804", 48, 0);
INSERT INTO dinghy (id, sail_number, dinghy_class_id, version) VALUES (725, "43097", 48, 0);
INSERT INTO dinghy (id, sail_number, dinghy_class_id, version) VALUES (726, "43142", 48, 0);
INSERT INTO dinghy (id, sail_number, dinghy_class_id, version) VALUES (727, "43320", 48, 0);
INSERT INTO dinghy (id, sail_number, dinghy_class_id, version) VALUES (728, "43592", 48, 0);
INSERT INTO dinghy (id, sail_number, dinghy_class_id, version) VALUES (729, "43693", 48, 0);
INSERT INTO dinghy (id, sail_number, dinghy_class_id, version) VALUES (730, "43774", 48, 0);
INSERT INTO dinghy (id, sail_number, dinghy_class_id, version) VALUES (731, "43931", 48, 0);
INSERT INTO dinghy (id, sail_number, dinghy_class_id, version) VALUES (732, "44047", 48, 0);
INSERT INTO dinghy (id, sail_number, dinghy_class_id, version) VALUES (733, "44074", 48, 0);
INSERT INTO dinghy (id, sail_number, dinghy_class_id, version) VALUES (734, "44131", 48, 0);
INSERT INTO dinghy (id, sail_number, dinghy_class_id, version) VALUES (735, "44301", 48, 0);
INSERT INTO dinghy (id, sail_number, dinghy_class_id, version) VALUES (736, "44943", 48, 0);
INSERT INTO dinghy (id, sail_number, dinghy_class_id, version) VALUES (737, "44956", 48, 0);
INSERT INTO dinghy (id, sail_number, dinghy_class_id, version) VALUES (738, "45055", 48, 0);
INSERT INTO dinghy (id, sail_number, dinghy_class_id, version) VALUES (739, "45275", 48, 0);
INSERT INTO dinghy (id, sail_number, dinghy_class_id, version) VALUES (740, "45373", 48, 0);
INSERT INTO dinghy (id, sail_number, dinghy_class_id, version) VALUES (741, "45446", 48, 0);
INSERT INTO dinghy (id, sail_number, dinghy_class_id, version) VALUES (742, "45447", 48, 0);
INSERT INTO dinghy (id, sail_number, dinghy_class_id, version) VALUES (743, "45505", 48, 0);
INSERT INTO dinghy (id, sail_number, dinghy_class_id, version) VALUES (744, "45794", 48, 0);
INSERT INTO dinghy (id, sail_number, dinghy_class_id, version) VALUES (745, "45859", 48, 0);
INSERT INTO dinghy (id, sail_number, dinghy_class_id, version) VALUES (746, "45865", 48, 0);
INSERT INTO dinghy (id, sail_number, dinghy_class_id, version) VALUES (747, "45878", 48, 0);
INSERT INTO dinghy (id, sail_number, dinghy_class_id, version) VALUES (748, "45903", 48, 0);
INSERT INTO dinghy (id, sail_number, dinghy_class_id, version) VALUES (749, "46046", 48, 0);
INSERT INTO dinghy (id, sail_number, dinghy_class_id, version) VALUES (750, "46075", 48, 0);
INSERT INTO dinghy (id, sail_number, dinghy_class_id, version) VALUES (751, "46215", 48, 0);
INSERT INTO dinghy (id, sail_number, dinghy_class_id, version) VALUES (752, "46299", 48, 0);
INSERT INTO dinghy (id, sail_number, dinghy_class_id, version) VALUES (753, "46870", 48, 0);
INSERT INTO dinghy (id, sail_number, dinghy_class_id, version) VALUES (754, "47437", 48, 0);
INSERT INTO dinghy (id, sail_number, dinghy_class_id, version) VALUES (755, "47524", 48, 0);
INSERT INTO dinghy (id, sail_number, dinghy_class_id, version) VALUES (756, "47570", 48, 0);
INSERT INTO dinghy (id, sail_number, dinghy_class_id, version) VALUES (757, "47636", 48, 0);
INSERT INTO dinghy (id, sail_number, dinghy_class_id, version) VALUES (758, "47649", 48, 0);
INSERT INTO dinghy (id, sail_number, dinghy_class_id, version) VALUES (759, "47834", 48, 0);
INSERT INTO dinghy (id, sail_number, dinghy_class_id, version) VALUES (760, "47853", 48, 0);
INSERT INTO dinghy (id, sail_number, dinghy_class_id, version) VALUES (761, "47884", 48, 0);
INSERT INTO dinghy (id, sail_number, dinghy_class_id, version) VALUES (762, "48150", 48, 0);
INSERT INTO dinghy (id, sail_number, dinghy_class_id, version) VALUES (763, "48405", 48, 0);
INSERT INTO dinghy (id, sail_number, dinghy_class_id, version) VALUES (764, "49207", 48, 0);
INSERT INTO dinghy (id, sail_number, dinghy_class_id, version) VALUES (765, "67304", 48, 0);
INSERT INTO dinghy (id, sail_number, dinghy_class_id, version) VALUES (766, "431421", 48, 0);
INSERT INTO dinghy (id, sail_number, dinghy_class_id, version) VALUES (767, "1", 49, 0);
INSERT INTO dinghy (id, sail_number, dinghy_class_id, version) VALUES (768, "42", 49, 0);
INSERT INTO dinghy (id, sail_number, dinghy_class_id, version) VALUES (769, "12345", 49, 0);
INSERT INTO dinghy (id, sail_number, dinghy_class_id, version) VALUES (770, "24491", 49, 0);
INSERT INTO dinghy (id, sail_number, dinghy_class_id, version) VALUES (771, "34337", 49, 0);
INSERT INTO dinghy (id, sail_number, dinghy_class_id, version) VALUES (772, "46075", 49, 0);
INSERT INTO dinghy (id, sail_number, dinghy_class_id, version) VALUES (773, "47834", 49, 0);
INSERT INTO dinghy (id, sail_number, dinghy_class_id, version) VALUES (774, "47836", 49, 0);
INSERT INTO dinghy (id, sail_number, dinghy_class_id, version) VALUES (775, "47853", 49, 0);
INSERT INTO dinghy (id, sail_number, dinghy_class_id, version) VALUES (776, "35135", 50, 0);
INSERT INTO dinghy (id, sail_number, dinghy_class_id, version) VALUES (777, "1", 51, 0);
INSERT INTO dinghy (id, sail_number, dinghy_class_id, version) VALUES (778, "2", 51, 0);
INSERT INTO dinghy (id, sail_number, dinghy_class_id, version) VALUES (779, "3", 51, 0);
INSERT INTO dinghy (id, sail_number, dinghy_class_id, version) VALUES (780, "999", 51, 0);
INSERT INTO dinghy (id, sail_number, dinghy_class_id, version) VALUES (781, "50", 52, 0);
INSERT INTO dinghy (id, sail_number, dinghy_class_id, version) VALUES (782, "477", 52, 0);
INSERT INTO dinghy (id, sail_number, dinghy_class_id, version) VALUES (783, "596", 52, 0);
INSERT INTO dinghy (id, sail_number, dinghy_class_id, version) VALUES (784, "1282", 52, 0);
INSERT INTO dinghy (id, sail_number, dinghy_class_id, version) VALUES (785, "1385", 52, 0);
INSERT INTO dinghy (id, sail_number, dinghy_class_id, version) VALUES (786, "1501", 52, 0);
INSERT INTO dinghy (id, sail_number, dinghy_class_id, version) VALUES (787, "2134", 53, 0);
INSERT INTO dinghy (id, sail_number, dinghy_class_id, version) VALUES (788, "2797", 53, 0);
INSERT INTO dinghy (id, sail_number, dinghy_class_id, version) VALUES (789, "2839", 53, 0);
INSERT INTO dinghy (id, sail_number, dinghy_class_id, version) VALUES (790, "11202", 53, 0);
INSERT INTO dinghy (id, sail_number, dinghy_class_id, version) VALUES (791, "11203", 53, 0);
INSERT INTO dinghy (id, sail_number, dinghy_class_id, version) VALUES (792, "11370", 53, 0);

-- create competitor records
INSERT INTO competitor (id, name, version) VALUES (1, "Aaliyah Radford", 0);
INSERT INTO competitor (id, name, version) VALUES (2, "Aarav Malik", 0);
INSERT INTO competitor (id, name, version) VALUES (3, "Aarav Wade", 0);
INSERT INTO competitor (id, name, version) VALUES (4, "Aarya Gill", 0);
INSERT INTO competitor (id, name, version) VALUES (5, "Aarya Robbins", 0);
INSERT INTO competitor (id, name, version) VALUES (6, "Abbas Patrick", 0);
INSERT INTO competitor (id, name, version) VALUES (7, "Adam Rudd", 0);
INSERT INTO competitor (id, name, version) VALUES (8, "Addison Parker", 0);
INSERT INTO competitor (id, name, version) VALUES (9, "Adele Currie", 0);
INSERT INTO competitor (id, name, version) VALUES (10, "Adil Harwood", 0);
INSERT INTO competitor (id, name, version) VALUES (11, "Aila Haigh", 0);
INSERT INTO competitor (id, name, version) VALUES (12, "Aiyla Bone", 0);
INSERT INTO competitor (id, name, version) VALUES (13, "Aiza Austin", 0);
INSERT INTO competitor (id, name, version) VALUES (14, "Aiza Bruce", 0);
INSERT INTO competitor (id, name, version) VALUES (15, "Aj Davis", 0);
INSERT INTO competitor (id, name, version) VALUES (16, "Alaia Haywood", 0);
INSERT INTO competitor (id, name, version) VALUES (17, "Alaina Lea", 0);
INSERT INTO competitor (id, name, version) VALUES (18, "Alaiya Slater", 0);
INSERT INTO competitor (id, name, version) VALUES (19, "Alan Kennedy", 0);
INSERT INTO competitor (id, name, version) VALUES (20, "Alanna Rashid", 0);
INSERT INTO competitor (id, name, version) VALUES (21, "Alara Roberts", 0);
INSERT INTO competitor (id, name, version) VALUES (22, "Alara Taylor", 0);
INSERT INTO competitor (id, name, version) VALUES (23, "Alastair Khatun", 0);
INSERT INTO competitor (id, name, version) VALUES (24, "Alaya Ford", 0);
INSERT INTO competitor (id, name, version) VALUES (25, "Albi McCann", 0);
INSERT INTO competitor (id, name, version) VALUES (26, "Alby Guest", 0);
INSERT INTO competitor (id, name, version) VALUES (27, "Aleksander Gordon", 0);
INSERT INTO competitor (id, name, version) VALUES (28, "Aleksandra Harper", 0);
INSERT INTO competitor (id, name, version) VALUES (29, "Alessandro Munro", 0);
INSERT INTO competitor (id, name, version) VALUES (30, "Alexandru McKay", 0);
INSERT INTO competitor (id, name, version) VALUES (31, "Alfred Durrant", 0);
INSERT INTO competitor (id, name, version) VALUES (32, "Ali Malik", 0);
INSERT INTO competitor (id, name, version) VALUES (33, "Alia Tucker", 0);
INSERT INTO competitor (id, name, version) VALUES (34, "Alina Shepherd", 0);
INSERT INTO competitor (id, name, version) VALUES (35, "Aliyah Lawrence", 0);
INSERT INTO competitor (id, name, version) VALUES (36, "Alma Gray", 0);
INSERT INTO competitor (id, name, version) VALUES (37, "Alora Bond", 0);
INSERT INTO competitor (id, name, version) VALUES (38, "Alvey Hoare", 0);
INSERT INTO competitor (id, name, version) VALUES (39, "Amal Clarkson", 0);
INSERT INTO competitor (id, name, version) VALUES (40, "Amar Turnbull", 0);
INSERT INTO competitor (id, name, version) VALUES (41, "Amari Barber", 0);
INSERT INTO competitor (id, name, version) VALUES (42, "Amari Guest", 0);
INSERT INTO competitor (id, name, version) VALUES (43, "Amayah George", 0);
INSERT INTO competitor (id, name, version) VALUES (44, "Amber Bates", 0);
INSERT INTO competitor (id, name, version) VALUES (45, "Amber Marshall", 0);
INSERT INTO competitor (id, name, version) VALUES (46, "Amber Thompson", 0);
INSERT INTO competitor (id, name, version) VALUES (47, "Amir Holloway", 0);
INSERT INTO competitor (id, name, version) VALUES (48, "Amirah Chan", 0);
INSERT INTO competitor (id, name, version) VALUES (49, "Amiyah Heaton", 0);
INSERT INTO competitor (id, name, version) VALUES (50, "Amora Johnstone", 0);
INSERT INTO competitor (id, name, version) VALUES (51, "Amos Parkes", 0);
INSERT INTO competitor (id, name, version) VALUES (52, "Amy Alexander", 0);
INSERT INTO competitor (id, name, version) VALUES (53, "Anabia Stevenson", 0);
INSERT INTO competitor (id, name, version) VALUES (54, "Anaiya Winter", 0);
INSERT INTO competitor (id, name, version) VALUES (55, "Anaya Hooper", 0);
INSERT INTO competitor (id, name, version) VALUES (56, "Andy Pike", 0);
INSERT INTO competitor (id, name, version) VALUES (57, "Angelo Warren", 0);
INSERT INTO competitor (id, name, version) VALUES (58, "Anika Sinclair", 0);
INSERT INTO competitor (id, name, version) VALUES (59, "Anna Haynes", 0);
INSERT INTO competitor (id, name, version) VALUES (60, "Annalise Pickering", 0);
INSERT INTO competitor (id, name, version) VALUES (61, "Anthony Dillon", 0);
INSERT INTO competitor (id, name, version) VALUES (62, "Antonina Hall", 0);
INSERT INTO competitor (id, name, version) VALUES (63, "Archer Parry", 0);
INSERT INTO competitor (id, name, version) VALUES (64, "Arden Salter", 0);
INSERT INTO competitor (id, name, version) VALUES (65, "Aria-Rose Johnson", 0);
INSERT INTO competitor (id, name, version) VALUES (66, "Arley Head", 0);
INSERT INTO competitor (id, name, version) VALUES (67, "Arlie Heaton", 0);
INSERT INTO competitor (id, name, version) VALUES (68, "Arlo Vaughan", 0);
INSERT INTO competitor (id, name, version) VALUES (69, "Arlo-James Newell", 0);
INSERT INTO competitor (id, name, version) VALUES (70, "Armaan Osborne", 0);
INSERT INTO competitor (id, name, version) VALUES (71, "Arman Clarke", 0);
INSERT INTO competitor (id, name, version) VALUES (72, "Arran Ashley", 0);
INSERT INTO competitor (id, name, version) VALUES (73, "Arvin Burton", 0);
INSERT INTO competitor (id, name, version) VALUES (74, "Arvin Robbins", 0);
INSERT INTO competitor (id, name, version) VALUES (75, "Arwa Leech", 0);
INSERT INTO competitor (id, name, version) VALUES (76, "Arya Howell", 0);
INSERT INTO competitor (id, name, version) VALUES (77, "Arya Norris", 0);
INSERT INTO competitor (id, name, version) VALUES (78, "Arya Westwood", 0);
INSERT INTO competitor (id, name, version) VALUES (79, "Ashton Glover", 0);
INSERT INTO competitor (id, name, version) VALUES (80, "Asiya Oliver", 0);
INSERT INTO competitor (id, name, version) VALUES (81, "Asma Davey", 0);
INSERT INTO competitor (id, name, version) VALUES (82, "Athena Lane", 0);
INSERT INTO competitor (id, name, version) VALUES (83, "Atticus Simmons", 0);
INSERT INTO competitor (id, name, version) VALUES (84, "Aubree Douglas", 0);
INSERT INTO competitor (id, name, version) VALUES (85, "August Farmer", 0);
INSERT INTO competitor (id, name, version) VALUES (86, "August Khan", 0);
INSERT INTO competitor (id, name, version) VALUES (87, "Aurora Craig", 0);
INSERT INTO competitor (id, name, version) VALUES (88, "Aurora Crowther", 0);
INSERT INTO competitor (id, name, version) VALUES (89, "Ava-Mae Crawford", 0);
INSERT INTO competitor (id, name, version) VALUES (90, "Avneet Collier", 0);
INSERT INTO competitor (id, name, version) VALUES (91, "Axl Gee", 0);
INSERT INTO competitor (id, name, version) VALUES (92, "Ayaan Sewell", 0);
INSERT INTO competitor (id, name, version) VALUES (93, "Ayaat Gould", 0);
INSERT INTO competitor (id, name, version) VALUES (94, "Ayeza Barnard", 0);
INSERT INTO competitor (id, name, version) VALUES (95, "Ayman Dawes", 0);
INSERT INTO competitor (id, name, version) VALUES (96, "Aysha Humphreys", 0);
INSERT INTO competitor (id, name, version) VALUES (97, "Ayub Wilkinson", 0);
INSERT INTO competitor (id, name, version) VALUES (98, "Ayzal Farrow", 0);
INSERT INTO competitor (id, name, version) VALUES (99, "Ayzal Nicholson", 0);
INSERT INTO competitor (id, name, version) VALUES (100, "Azalea Knowles", 0);
INSERT INTO competitor (id, name, version) VALUES (101, "Azlan McLean", 0);
INSERT INTO competitor (id, name, version) VALUES (102, "Azlan Peck", 0);
INSERT INTO competitor (id, name, version) VALUES (103, "Baani MacKay", 0);
INSERT INTO competitor (id, name, version) VALUES (104, "Baani Manning", 0);
INSERT INTO competitor (id, name, version) VALUES (105, "Bailey Preston", 0);
INSERT INTO competitor (id, name, version) VALUES (106, "Beatriz Walker", 0);
INSERT INTO competitor (id, name, version) VALUES (107, "Beau Davison", 0);
INSERT INTO competitor (id, name, version) VALUES (108, "Bella Bourne", 0);
INSERT INTO competitor (id, name, version) VALUES (109, "Bella-Rose Myers", 0);
INSERT INTO competitor (id, name, version) VALUES (110, "Bertie Maynard", 0);
INSERT INTO competitor (id, name, version) VALUES (111, "Betsy Best", 0);
INSERT INTO competitor (id, name, version) VALUES (112, "Bianca Swan", 0);
INSERT INTO competitor (id, name, version) VALUES (113, "Bianka Clarkson", 0);
INSERT INTO competitor (id, name, version) VALUES (114, "Billy Underwood", 0);
INSERT INTO competitor (id, name, version) VALUES (115, "Bonnie Dalton", 0);
INSERT INTO competitor (id, name, version) VALUES (116, "Boris Jenkins", 0);
INSERT INTO competitor (id, name, version) VALUES (117, "Boris Ridley", 0);
INSERT INTO competitor (id, name, version) VALUES (118, "Brandon Bennett", 0);
INSERT INTO competitor (id, name, version) VALUES (119, "Brayden Mahmood", 0);
INSERT INTO competitor (id, name, version) VALUES (120, "Brody Hawkes", 0);
INSERT INTO competitor (id, name, version) VALUES (121, "Bryson Coles", 0);
INSERT INTO competitor (id, name, version) VALUES (122, "Cadi Scott", 0);
INSERT INTO competitor (id, name, version) VALUES (123, "Caleb Parkinson", 0);
INSERT INTO competitor (id, name, version) VALUES (124, "Calvin Lockwood", 0);
INSERT INTO competitor (id, name, version) VALUES (125, "Camila Wilkes", 0);
INSERT INTO competitor (id, name, version) VALUES (126, "Camille Ayres", 0);
INSERT INTO competitor (id, name, version) VALUES (127, "Cara Brook", 0);
INSERT INTO competitor (id, name, version) VALUES (128, "Cara Rose", 0);
INSERT INTO competitor (id, name, version) VALUES (129, "Carmen Whiting", 0);
INSERT INTO competitor (id, name, version) VALUES (130, "Casey Newell", 0);
INSERT INTO competitor (id, name, version) VALUES (131, "Casey Nunn", 0);
INSERT INTO competitor (id, name, version) VALUES (132, "Caspar Moss", 0);
INSERT INTO competitor (id, name, version) VALUES (133, "Casper McMillan", 0);
INSERT INTO competitor (id, name, version) VALUES (134, "Cataleya Moran", 0);
INSERT INTO competitor (id, name, version) VALUES (135, "Cayden Horner", 0);
INSERT INTO competitor (id, name, version) VALUES (136, "Cezar Whelan", 0);
INSERT INTO competitor (id, name, version) VALUES (137, "Charles Wise", 0);
INSERT INTO competitor (id, name, version) VALUES (138, "Charlotte Moss", 0);
INSERT INTO competitor (id, name, version) VALUES (139, "Christina Street", 0);
INSERT INTO competitor (id, name, version) VALUES (140, "Christina Whiting", 0);
INSERT INTO competitor (id, name, version) VALUES (141, "Christopher Howell", 0);
INSERT INTO competitor (id, name, version) VALUES (142, "Clementine Rushton", 0);
INSERT INTO competitor (id, name, version) VALUES (143, "Cobie Baldwin", 0);
INSERT INTO competitor (id, name, version) VALUES (144, "Colin Mead", 0);
INSERT INTO competitor (id, name, version) VALUES (145, "Connie May", 0);
INSERT INTO competitor (id, name, version) VALUES (146, "Constance Aston", 0);
INSERT INTO competitor (id, name, version) VALUES (147, "Cooper Hale", 0);
INSERT INTO competitor (id, name, version) VALUES (148, "Crystal Gilbert", 0);
INSERT INTO competitor (id, name, version) VALUES (149, "Dakota Moss", 0);
INSERT INTO competitor (id, name, version) VALUES (150, "Dalia Field", 0);
INSERT INTO competitor (id, name, version) VALUES (151, "Damir Senior", 0);
INSERT INTO competitor (id, name, version) VALUES (152, "Dana Worthington", 0);
INSERT INTO competitor (id, name, version) VALUES (153, "Daniel Little", 0);
INSERT INTO competitor (id, name, version) VALUES (154, "Danyal Mahmood", 0);
INSERT INTO competitor (id, name, version) VALUES (155, "Darcy Emery", 0);
INSERT INTO competitor (id, name, version) VALUES (156, "David Cole", 0);
INSERT INTO competitor (id, name, version) VALUES (157, "Dawid Seymour", 0);
INSERT INTO competitor (id, name, version) VALUES (158, "Deborah Milner", 0);
INSERT INTO competitor (id, name, version) VALUES (159, "Deen Lamb", 0);
INSERT INTO competitor (id, name, version) VALUES (160, "Deniz Atkinson", 0);
INSERT INTO competitor (id, name, version) VALUES (161, "Destiny Bourne", 0);
INSERT INTO competitor (id, name, version) VALUES (162, "Diego Houghton", 0);
INSERT INTO competitor (id, name, version) VALUES (163, "Dina Fryer", 0);
INSERT INTO competitor (id, name, version) VALUES (164, "Dion James", 0);
INSERT INTO competitor (id, name, version) VALUES (165, "Diya Dyson", 0);
INSERT INTO competitor (id, name, version) VALUES (166, "Dominic Barnett", 0);
INSERT INTO competitor (id, name, version) VALUES (167, "Dominik Rudd", 0);
INSERT INTO competitor (id, name, version) VALUES (168, "Dorian McGowan", 0);
INSERT INTO competitor (id, name, version) VALUES (169, "Dougie Eastwood", 0);
INSERT INTO competitor (id, name, version) VALUES (170, "Duaa Hobson", 0);
INSERT INTO competitor (id, name, version) VALUES (171, "Eben Nixon", 0);
INSERT INTO competitor (id, name, version) VALUES (172, "Eddie O'Shea", 0);
INSERT INTO competitor (id, name, version) VALUES (173, "Edie Bevan", 0);
INSERT INTO competitor (id, name, version) VALUES (174, "Efa Whitaker", 0);
INSERT INTO competitor (id, name, version) VALUES (175, "Eira Lowe", 0);
INSERT INTO competitor (id, name, version) VALUES (176, "Elara Mann", 0);
INSERT INTO competitor (id, name, version) VALUES (177, "Elena Hall", 0);
INSERT INTO competitor (id, name, version) VALUES (178, "Eli Barnard", 0);
INSERT INTO competitor (id, name, version) VALUES (179, "Eli Sharma", 0);
INSERT INTO competitor (id, name, version) VALUES (180, "Eliana Crowther", 0);
INSERT INTO competitor (id, name, version) VALUES (181, "Elif Pugh", 0);
INSERT INTO competitor (id, name, version) VALUES (182, "Elisa Naylor", 0);
INSERT INTO competitor (id, name, version) VALUES (183, "Eliza Plant", 0);
INSERT INTO competitor (id, name, version) VALUES (184, "Elwood Winter", 0);
INSERT INTO competitor (id, name, version) VALUES (185, "Elysia Kelly", 0);
INSERT INTO competitor (id, name, version) VALUES (186, "Emaan Whitfield", 0);
INSERT INTO competitor (id, name, version) VALUES (187, "Emerson Beaumont", 0);
INSERT INTO competitor (id, name, version) VALUES (188, "Emilio Atherton", 0);
INSERT INTO competitor (id, name, version) VALUES (189, "Eoin Saunders", 0);
INSERT INTO competitor (id, name, version) VALUES (190, "Erik McCormick", 0);
INSERT INTO competitor (id, name, version) VALUES (191, "Erin Harvey", 0);
INSERT INTO competitor (id, name, version) VALUES (192, "Eryn Burns", 0);
INSERT INTO competitor (id, name, version) VALUES (193, "Eryn Grundy", 0);
INSERT INTO competitor (id, name, version) VALUES (194, "Esme Hyde", 0);
INSERT INTO competitor (id, name, version) VALUES (195, "Esmee Barton", 0);
INSERT INTO competitor (id, name, version) VALUES (196, "Esmee Nichols", 0);
INSERT INTO competitor (id, name, version) VALUES (197, "Eva Hodgson", 0);
INSERT INTO competitor (id, name, version) VALUES (198, "Evelyn McKenna", 0);
INSERT INTO competitor (id, name, version) VALUES (199, "Evelyn Waters", 0);
INSERT INTO competitor (id, name, version) VALUES (200, "Everly Broadbent", 0);
INSERT INTO competitor (id, name, version) VALUES (201, "Everlyn Armitage", 0);
INSERT INTO competitor (id, name, version) VALUES (202, "Evie-Mae Beaumont", 0);
INSERT INTO competitor (id, name, version) VALUES (203, "Evie-Rose Best", 0);
INSERT INTO competitor (id, name, version) VALUES (204, "Ewan Boyle", 0);
INSERT INTO competitor (id, name, version) VALUES (205, "Fallon Nunn", 0);
INSERT INTO competitor (id, name, version) VALUES (206, "Farah Ash", 0);
INSERT INTO competitor (id, name, version) VALUES (207, "Fateh Porter", 0);
INSERT INTO competitor (id, name, version) VALUES (208, "Fionn Moran", 0);
INSERT INTO competitor (id, name, version) VALUES (209, "Forrest Watson", 0);
INSERT INTO competitor (id, name, version) VALUES (210, "Fox Armstrong", 0);
INSERT INTO competitor (id, name, version) VALUES (211, "Francisco Bayliss", 0);
INSERT INTO competitor (id, name, version) VALUES (212, "Frank Adams", 0);
INSERT INTO competitor (id, name, version) VALUES (213, "Franklin Day", 0);
INSERT INTO competitor (id, name, version) VALUES (214, "Franklin Norris", 0);
INSERT INTO competitor (id, name, version) VALUES (215, "Franky Sheppard", 0);
INSERT INTO competitor (id, name, version) VALUES (216, "Freddie Cresswell", 0);
INSERT INTO competitor (id, name, version) VALUES (217, "Fredrick Fielding", 0);
INSERT INTO competitor (id, name, version) VALUES (218, "Freyja Chowdhury", 0);
INSERT INTO competitor (id, name, version) VALUES (219, "Gabriela Mansfield", 0);
INSERT INTO competitor (id, name, version) VALUES (220, "Gabriella Johnstone", 0);
INSERT INTO competitor (id, name, version) VALUES (221, "George Coombes", 0);
INSERT INTO competitor (id, name, version) VALUES (222, "Georgiana Stanley", 0);
INSERT INTO competitor (id, name, version) VALUES (223, "Georgie Campbell", 0);
INSERT INTO competitor (id, name, version) VALUES (224, "Giulia Parker", 0);
INSERT INTO competitor (id, name, version) VALUES (225, "Grace Rees", 0);
INSERT INTO competitor (id, name, version) VALUES (226, "Hakeem Jackson", 0);
INSERT INTO competitor (id, name, version) VALUES (227, "Halle Lake", 0);
INSERT INTO competitor (id, name, version) VALUES (228, "Harmony Knight", 0);
INSERT INTO competitor (id, name, version) VALUES (229, "Harvey Bannister", 0);
INSERT INTO competitor (id, name, version) VALUES (230, "Harvey Fraser", 0);
INSERT INTO competitor (id, name, version) VALUES (231, "Hattie Lawton", 0);
INSERT INTO competitor (id, name, version) VALUES (232, "Hayden Bell", 0);
INSERT INTO competitor (id, name, version) VALUES (233, "Hazel Holmes", 0);
INSERT INTO competitor (id, name, version) VALUES (234, "Hazel Oliver", 0);
INSERT INTO competitor (id, name, version) VALUES (235, "Hazel Wheeler", 0);
INSERT INTO competitor (id, name, version) VALUES (236, "Hector Beck", 0);
INSERT INTO competitor (id, name, version) VALUES (237, "Hendrix Moss", 0);
INSERT INTO competitor (id, name, version) VALUES (238, "Henley Barnard", 0);
INSERT INTO competitor (id, name, version) VALUES (239, "Herbie Barry", 0);
INSERT INTO competitor (id, name, version) VALUES (240, "Hiba Moody", 0);
INSERT INTO competitor (id, name, version) VALUES (241, "Hubert Broughton", 0);
INSERT INTO competitor (id, name, version) VALUES (242, "Hugh Johnstone", 0);
INSERT INTO competitor (id, name, version) VALUES (243, "Hugo Anderson", 0);
INSERT INTO competitor (id, name, version) VALUES (244, "Husna Anderson", 0);
INSERT INTO competitor (id, name, version) VALUES (245, "Idris Hogan", 0);
INSERT INTO competitor (id, name, version) VALUES (246, "Inaya Regan", 0);
INSERT INTO competitor (id, name, version) VALUES (247, "Inayah Joyce", 0);
INSERT INTO competitor (id, name, version) VALUES (248, "Indie Clark", 0);
INSERT INTO competitor (id, name, version) VALUES (249, "Indigo Potts", 0);
INSERT INTO competitor (id, name, version) VALUES (250, "Ines Crook", 0);
INSERT INTO competitor (id, name, version) VALUES (251, "Iqra Woolley", 0);
INSERT INTO competitor (id, name, version) VALUES (252, "Irha Frost", 0);
INSERT INTO competitor (id, name, version) VALUES (253, "Iris Sandhu", 0);
INSERT INTO competitor (id, name, version) VALUES (254, "Isa Brewer", 0);
INSERT INTO competitor (id, name, version) VALUES (255, "Isaac Lovell", 0);
INSERT INTO competitor (id, name, version) VALUES (256, "Isabelle Owen", 0);
INSERT INTO competitor (id, name, version) VALUES (257, "Isaiah Morton", 0);
INSERT INTO competitor (id, name, version) VALUES (258, "Isha Taylor", 0);
INSERT INTO competitor (id, name, version) VALUES (259, "Isla-Grace Wilcox", 0);
INSERT INTO competitor (id, name, version) VALUES (260, "Ismaeel Cameron", 0);
INSERT INTO competitor (id, name, version) VALUES (261, "Ismail Hewitt", 0);
INSERT INTO competitor (id, name, version) VALUES (262, "Isra Mills", 0);
INSERT INTO competitor (id, name, version) VALUES (263, "Isra Moore", 0);
INSERT INTO competitor (id, name, version) VALUES (264, "Ivan Platt", 0);
INSERT INTO competitor (id, name, version) VALUES (265, "Ivy Higgs", 0);
INSERT INTO competitor (id, name, version) VALUES (266, "Ivy-Mae Richards", 0);
INSERT INTO competitor (id, name, version) VALUES (267, "Jace Calvert", 0);
INSERT INTO competitor (id, name, version) VALUES (268, "Jad Noble", 0);
INSERT INTO competitor (id, name, version) VALUES (269, "Jad Wainwright", 0);
INSERT INTO competitor (id, name, version) VALUES (270, "Jago Ali", 0);
INSERT INTO competitor (id, name, version) VALUES (271, "Jamal Hodgkinson", 0);
INSERT INTO competitor (id, name, version) VALUES (272, "Jamal Rice", 0);
INSERT INTO competitor (id, name, version) VALUES (273, "Jameson Sharpe", 0);
INSERT INTO competitor (id, name, version) VALUES (274, "Jannah Lilley", 0);
INSERT INTO competitor (id, name, version) VALUES (275, "Jannah Rashid", 0);
INSERT INTO competitor (id, name, version) VALUES (276, "Jasmine Maynard", 0);
INSERT INTO competitor (id, name, version) VALUES (277, "Jayla Haigh", 0);
INSERT INTO competitor (id, name, version) VALUES (278, "Jayson Graves", 0);
INSERT INTO competitor (id, name, version) VALUES (279, "Jemima Clay", 0);
INSERT INTO competitor (id, name, version) VALUES (280, "Jeremiah Phipps", 0);
INSERT INTO competitor (id, name, version) VALUES (281, "Jessica Johnston", 0);
INSERT INTO competitor (id, name, version) VALUES (282, "Jett Allison", 0);
INSERT INTO competitor (id, name, version) VALUES (283, "Jett Bridge", 0);
INSERT INTO competitor (id, name, version) VALUES (284, "Jimmy Dillon", 0);
INSERT INTO competitor (id, name, version) VALUES (285, "Joanna Clarke", 0);
INSERT INTO competitor (id, name, version) VALUES (286, "Joey Boyle", 0);
INSERT INTO competitor (id, name, version) VALUES (287, "Joey Maxwell", 0);
INSERT INTO competitor (id, name, version) VALUES (288, "Jonas McIntyre", 0);
INSERT INTO competitor (id, name, version) VALUES (289, "Jonas Sargent", 0);
INSERT INTO competitor (id, name, version) VALUES (290, "Jordan Terry", 0);
INSERT INTO competitor (id, name, version) VALUES (291, "Josephine Lawton", 0);
INSERT INTO competitor (id, name, version) VALUES (292, "Jovan Vaughan", 0);
INSERT INTO competitor (id, name, version) VALUES (293, "Jude Nash", 0);
INSERT INTO competitor (id, name, version) VALUES (294, "Julian Cummings", 0);
INSERT INTO competitor (id, name, version) VALUES (295, "Junior Clough", 0);
INSERT INTO competitor (id, name, version) VALUES (296, "Justin Nuttall", 0);
INSERT INTO competitor (id, name, version) VALUES (297, "Justin Pritchard", 0);
INSERT INTO competitor (id, name, version) VALUES (298, "Kaira Curran", 0);
INSERT INTO competitor (id, name, version) VALUES (299, "Kane Ali", 0);
INSERT INTO competitor (id, name, version) VALUES (300, "Katherine Baker", 0);
INSERT INTO competitor (id, name, version) VALUES (301, "Kaya Rashid", 0);
INSERT INTO competitor (id, name, version) VALUES (302, "Keira Ford", 0);
INSERT INTO competitor (id, name, version) VALUES (303, "Keira Pitt", 0);
INSERT INTO competitor (id, name, version) VALUES (304, "Kendall Langford", 0);
INSERT INTO competitor (id, name, version) VALUES (305, "Kendrick Parry", 0);
INSERT INTO competitor (id, name, version) VALUES (306, "Keyaan Farmer", 0);
INSERT INTO competitor (id, name, version) VALUES (307, "Khadijah Johnston", 0);
INSERT INTO competitor (id, name, version) VALUES (308, "Khalil Rushton", 0);
INSERT INTO competitor (id, name, version) VALUES (309, "Kiara Kershaw", 0);
INSERT INTO competitor (id, name, version) VALUES (310, "Kiera Daniels", 0);
INSERT INTO competitor (id, name, version) VALUES (311, "King Morris", 0);
INSERT INTO competitor (id, name, version) VALUES (312, "Kingsley McKay", 0);
INSERT INTO competitor (id, name, version) VALUES (313, "Kinza Flynn", 0);
INSERT INTO competitor (id, name, version) VALUES (314, "Klay Wilkinson", 0);
INSERT INTO competitor (id, name, version) VALUES (315, "Koa Collins", 0);
INSERT INTO competitor (id, name, version) VALUES (316, "Kody Robbins", 0);
INSERT INTO competitor (id, name, version) VALUES (317, "Kristian Birch", 0);
INSERT INTO competitor (id, name, version) VALUES (318, "Kyan Knowles", 0);
INSERT INTO competitor (id, name, version) VALUES (319, "Kyla Barratt", 0);
INSERT INTO competitor (id, name, version) VALUES (320, "Kylan Smart", 0);
INSERT INTO competitor (id, name, version) VALUES (321, "Kyrie Nelson", 0);
INSERT INTO competitor (id, name, version) VALUES (322, "Kyrie Platt", 0);
INSERT INTO competitor (id, name, version) VALUES (323, "Laiba Hawkins", 0);
INSERT INTO competitor (id, name, version) VALUES (324, "Lainey Abbott", 0);
INSERT INTO competitor (id, name, version) VALUES (325, "Lake Norton", 0);
INSERT INTO competitor (id, name, version) VALUES (326, "Lara Bryant", 0);
INSERT INTO competitor (id, name, version) VALUES (327, "Laurie Shah", 0);
INSERT INTO competitor (id, name, version) VALUES (328, "Laurie Walmsley", 0);
INSERT INTO competitor (id, name, version) VALUES (329, "Laurie Woodcock", 0);
INSERT INTO competitor (id, name, version) VALUES (330, "Lawrence Whitaker", 0);
INSERT INTO competitor (id, name, version) VALUES (331, "Layton Chowdhury", 0);
INSERT INTO competitor (id, name, version) VALUES (332, "Lee Fleming", 0);
INSERT INTO competitor (id, name, version) VALUES (333, "Leena Whelan", 0);
INSERT INTO competitor (id, name, version) VALUES (334, "Leia Haynes", 0);
INSERT INTO competitor (id, name, version) VALUES (335, "Leia Sykes", 0);
INSERT INTO competitor (id, name, version) VALUES (336, "Lena Ritchie", 0);
INSERT INTO competitor (id, name, version) VALUES (337, "Leni Maxwell", 0);
INSERT INTO competitor (id, name, version) VALUES (338, "Leni Tyler", 0);
INSERT INTO competitor (id, name, version) VALUES (339, "Lennon Stanton", 0);
INSERT INTO competitor (id, name, version) VALUES (340, "Lennox Beckett", 0);
INSERT INTO competitor (id, name, version) VALUES (341, "Leo Eaton", 0);
INSERT INTO competitor (id, name, version) VALUES (342, "Lexie Ogden", 0);
INSERT INTO competitor (id, name, version) VALUES (343, "Lexie Rogers", 0);
INSERT INTO competitor (id, name, version) VALUES (344, "Lilia Fry", 0);
INSERT INTO competitor (id, name, version) VALUES (345, "Lillie Beck", 0);
INSERT INTO competitor (id, name, version) VALUES (346, "Lilly Madden", 0);
INSERT INTO competitor (id, name, version) VALUES (347, "Lilly-Rose Street", 0);
INSERT INTO competitor (id, name, version) VALUES (348, "Lina Chowdhury", 0);
INSERT INTO competitor (id, name, version) VALUES (349, "Lincoln Beaumont", 0);
INSERT INTO competitor (id, name, version) VALUES (350, "Liya Boulton", 0);
INSERT INTO competitor (id, name, version) VALUES (351, "Lloyd Poole", 0);
INSERT INTO competitor (id, name, version) VALUES (352, "Lochlan Egan", 0);
INSERT INTO competitor (id, name, version) VALUES (353, "Logan Mason", 0);
INSERT INTO competitor (id, name, version) VALUES (354, "Lorcan Woolley", 0);
INSERT INTO competitor (id, name, version) VALUES (355, "Lorena Hayes", 0);
INSERT INTO competitor (id, name, version) VALUES (356, "Louisa Bray", 0);
INSERT INTO competitor (id, name, version) VALUES (357, "Louise Barron", 0);
INSERT INTO competitor (id, name, version) VALUES (358, "Lucas Millward", 0);
INSERT INTO competitor (id, name, version) VALUES (359, "Lucien Hoare", 0);
INSERT INTO competitor (id, name, version) VALUES (360, "Lucien Mercer", 0);
INSERT INTO competitor (id, name, version) VALUES (361, "Lucy Burt", 0);
INSERT INTO competitor (id, name, version) VALUES (362, "Lula Lomas", 0);
INSERT INTO competitor (id, name, version) VALUES (363, "Luna-Rose Reilly", 0);
INSERT INTO competitor (id, name, version) VALUES (364, "Lydia Milne", 0);
INSERT INTO competitor (id, name, version) VALUES (365, "Lydia Oakley", 0);
INSERT INTO competitor (id, name, version) VALUES (366, "Macey Vaughan", 0);
INSERT INTO competitor (id, name, version) VALUES (367, "Macie Flynn", 0);
INSERT INTO competitor (id, name, version) VALUES (368, "Macy Lawton", 0);
INSERT INTO competitor (id, name, version) VALUES (369, "Macy Small", 0);
INSERT INTO competitor (id, name, version) VALUES (370, "Maddie Powell", 0);
INSERT INTO competitor (id, name, version) VALUES (371, "Magnus Ward", 0);
INSERT INTO competitor (id, name, version) VALUES (372, "Mahnoor Hope", 0);
INSERT INTO competitor (id, name, version) VALUES (373, "Maksymilian Simmonds", 0);
INSERT INTO competitor (id, name, version) VALUES (374, "Malek Coates", 0);
INSERT INTO competitor (id, name, version) VALUES (375, "Manha Cole", 0);
INSERT INTO competitor (id, name, version) VALUES (376, "Margaret Mohammed", 0);
INSERT INTO competitor (id, name, version) VALUES (377, "Mari Stokes", 0);
INSERT INTO competitor (id, name, version) VALUES (378, "Mariam Dent", 0);
INSERT INTO competitor (id, name, version) VALUES (379, "Mario Chauhan", 0);
INSERT INTO competitor (id, name, version) VALUES (380, "Marley Sinclair", 0);
INSERT INTO competitor (id, name, version) VALUES (381, "Marlo Swift", 0);
INSERT INTO competitor (id, name, version) VALUES (382, "Marlo Wyatt", 0);
INSERT INTO competitor (id, name, version) VALUES (383, "Mary Hogg", 0);
INSERT INTO competitor (id, name, version) VALUES (384, "Mason McCormack", 0);
INSERT INTO competitor (id, name, version) VALUES (385, "Matthew Marchant", 0);
INSERT INTO competitor (id, name, version) VALUES (386, "Maverick Massey", 0);
INSERT INTO competitor (id, name, version) VALUES (387, "Maxim Flynn", 0);
INSERT INTO competitor (id, name, version) VALUES (388, "Maximilian Curtis", 0);
INSERT INTO competitor (id, name, version) VALUES (389, "Mckenzie Barton", 0);
INSERT INTO competitor (id, name, version) VALUES (390, "Mckenzie Maguire", 0);
INSERT INTO competitor (id, name, version) VALUES (391, "Md Sims", 0);
INSERT INTO competitor (id, name, version) VALUES (392, "Melisa Jackson", 0);
INSERT INTO competitor (id, name, version) VALUES (393, "Melisa Watkins", 0);
INSERT INTO competitor (id, name, version) VALUES (394, "Micah Shields", 0);
INSERT INTO competitor (id, name, version) VALUES (395, "Michal Williams", 0);
INSERT INTO competitor (id, name, version) VALUES (396, "Milan Ryder", 0);
INSERT INTO competitor (id, name, version) VALUES (397, "Miller Farmer", 0);
INSERT INTO competitor (id, name, version) VALUES (398, "Mina Donnelly", 0);
INSERT INTO competitor (id, name, version) VALUES (399, "Mira Beech", 0);
INSERT INTO competitor (id, name, version) VALUES (400, "Mohammed Castle", 0);
INSERT INTO competitor (id, name, version) VALUES (401, "Mollie Hunt", 0);
INSERT INTO competitor (id, name, version) VALUES (402, "Monroe Haynes", 0);
INSERT INTO competitor (id, name, version) VALUES (403, "Montgomery Booth", 0);
INSERT INTO competitor (id, name, version) VALUES (404, "Montgomery Kelly", 0);
INSERT INTO competitor (id, name, version) VALUES (405, "Monty Crook", 0);
INSERT INTO competitor (id, name, version) VALUES (406, "Morgan Bi", 0);
INSERT INTO competitor (id, name, version) VALUES (407, "Murphy Squires", 0);
INSERT INTO competitor (id, name, version) VALUES (408, "Myra Leonard", 0);
INSERT INTO competitor (id, name, version) VALUES (409, "Nadia Barrow", 0);
INSERT INTO competitor (id, name, version) VALUES (410, "Nahla Burgess", 0);
INSERT INTO competitor (id, name, version) VALUES (411, "Naia Patterson", 0);
INSERT INTO competitor (id, name, version) VALUES (412, "Natan Lawrence", 0);
INSERT INTO competitor (id, name, version) VALUES (413, "Natan Newman", 0);
INSERT INTO competitor (id, name, version) VALUES (414, "Natan Winter", 0);
INSERT INTO competitor (id, name, version) VALUES (415, "Neave Rowland", 0);
INSERT INTO competitor (id, name, version) VALUES (416, "Nela Sykes", 0);
INSERT INTO competitor (id, name, version) VALUES (417, "Nell Powell", 0);
INSERT INTO competitor (id, name, version) VALUES (418, "Nicolas FitzGerald", 0);
INSERT INTO competitor (id, name, version) VALUES (419, "Nieve McLaughlin", 0);
INSERT INTO competitor (id, name, version) VALUES (420, "Nikita Nolan", 0);
INSERT INTO competitor (id, name, version) VALUES (421, "Noel Hills", 0);
INSERT INTO competitor (id, name, version) VALUES (422, "Nolan Rushton", 0);
INSERT INTO competitor (id, name, version) VALUES (423, "Nylah Patterson", 0);
INSERT INTO competitor (id, name, version) VALUES (424, "Olivia Craig", 0);
INSERT INTO competitor (id, name, version) VALUES (425, "Oliwia Grant", 0);
INSERT INTO competitor (id, name, version) VALUES (426, "Oliwier Oliver", 0);
INSERT INTO competitor (id, name, version) VALUES (427, "Olly Farrell", 0);
INSERT INTO competitor (id, name, version) VALUES (428, "Oren Hodges", 0);
INSERT INTO competitor (id, name, version) VALUES (429, "Osian Harvey", 0);
INSERT INTO competitor (id, name, version) VALUES (430, "Owen Bowers", 0);
INSERT INTO competitor (id, name, version) VALUES (431, "Paddy Lowe", 0);
INSERT INTO competitor (id, name, version) VALUES (432, "Paisley Whittaker", 0);
INSERT INTO competitor (id, name, version) VALUES (433, "Paloma Holloway", 0);
INSERT INTO competitor (id, name, version) VALUES (434, "Patrick Daniels", 0);
INSERT INTO competitor (id, name, version) VALUES (435, "Payton Collier", 0);
INSERT INTO competitor (id, name, version) VALUES (436, "Peggy Preston", 0);
INSERT INTO competitor (id, name, version) VALUES (437, "Percy Andrews", 0);
INSERT INTO competitor (id, name, version) VALUES (438, "Philippa Jamieson", 0);
INSERT INTO competitor (id, name, version) VALUES (439, "Philippa Lamb", 0);
INSERT INTO competitor (id, name, version) VALUES (440, "Phoenix Hall", 0);
INSERT INTO competitor (id, name, version) VALUES (441, "Pia Whitehead", 0);
INSERT INTO competitor (id, name, version) VALUES (442, "Pixie Dutton", 0);
INSERT INTO competitor (id, name, version) VALUES (443, "Pola Singleton", 0);
INSERT INTO competitor (id, name, version) VALUES (444, "Poppie Choudhury", 0);
INSERT INTO competitor (id, name, version) VALUES (445, "Quinn O'Reilly", 0);
INSERT INTO competitor (id, name, version) VALUES (446, "Rafael Meadows", 0);
INSERT INTO competitor (id, name, version) VALUES (447, "Raiden Eaton", 0);
INSERT INTO competitor (id, name, version) VALUES (448, "Raymond Healy", 0);
INSERT INTO competitor (id, name, version) VALUES (449, "Rebecca Garrett", 0);
INSERT INTO competitor (id, name, version) VALUES (450, "Reem McGrath", 0);
INSERT INTO competitor (id, name, version) VALUES (451, "Regan McLean", 0);
INSERT INTO competitor (id, name, version) VALUES (452, "Reina Aston", 0);
INSERT INTO competitor (id, name, version) VALUES (453, "Reina Chandler", 0);
INSERT INTO competitor (id, name, version) VALUES (454, "Remi Arthur", 0);
INSERT INTO competitor (id, name, version) VALUES (455, "Remy Read", 0);
INSERT INTO competitor (id, name, version) VALUES (456, "Remy Wild", 0);
INSERT INTO competitor (id, name, version) VALUES (457, "Renee Hampson", 0);
INSERT INTO competitor (id, name, version) VALUES (458, "Renee Morton", 0);
INSERT INTO competitor (id, name, version) VALUES (459, "Renee Salter", 0);
INSERT INTO competitor (id, name, version) VALUES (460, "Rhys Haynes", 0);
INSERT INTO competitor (id, name, version) VALUES (461, "Rhys McLaughlin", 0);
INSERT INTO competitor (id, name, version) VALUES (462, "Richard Rees", 0);
INSERT INTO competitor (id, name, version) VALUES (463, "Rico Little", 0);
INSERT INTO competitor (id, name, version) VALUES (464, "Rita Black", 0);
INSERT INTO competitor (id, name, version) VALUES (465, "Rita Duffy", 0);
INSERT INTO competitor (id, name, version) VALUES (466, "Rita Malik", 0);
INSERT INTO competitor (id, name, version) VALUES (467, "River Henderson", 0);
INSERT INTO competitor (id, name, version) VALUES (468, "Robin Spencer", 0);
INSERT INTO competitor (id, name, version) VALUES (469, "Rocco Reeves", 0);
INSERT INTO competitor (id, name, version) VALUES (470, "Rogan Frost", 0);
INSERT INTO competitor (id, name, version) VALUES (471, "Rogan Terry", 0);
INSERT INTO competitor (id, name, version) VALUES (472, "Rohan Mason", 0);
INSERT INTO competitor (id, name, version) VALUES (473, "Roma Adams", 0);
INSERT INTO competitor (id, name, version) VALUES (474, "Roman Mitchell", 0);
INSERT INTO competitor (id, name, version) VALUES (475, "Romeo Avery", 0);
INSERT INTO competitor (id, name, version) VALUES (476, "Romeo Burke", 0);
INSERT INTO competitor (id, name, version) VALUES (477, "Romeo Weaver", 0);
INSERT INTO competitor (id, name, version) VALUES (478, "Rory Bright", 0);
INSERT INTO competitor (id, name, version) VALUES (479, "Rose Clements", 0);
INSERT INTO competitor (id, name, version) VALUES (480, "Rosie Carpenter", 0);
INSERT INTO competitor (id, name, version) VALUES (481, "Roxanne Millward", 0);
INSERT INTO competitor (id, name, version) VALUES (482, "Rudi Walton", 0);
INSERT INTO competitor (id, name, version) VALUES (483, "Rupert Fuller", 0);
INSERT INTO competitor (id, name, version) VALUES (484, "Ruqayyah Whittle", 0);
INSERT INTO competitor (id, name, version) VALUES (485, "Safaa Allan", 0);
INSERT INTO competitor (id, name, version) VALUES (486, "Safwan Roper", 0);
INSERT INTO competitor (id, name, version) VALUES (487, "Sage Butterworth", 0);
INSERT INTO competitor (id, name, version) VALUES (488, "Samantha Steele", 0);
INSERT INTO competitor (id, name, version) VALUES (489, "Samson McGowan", 0);
INSERT INTO competitor (id, name, version) VALUES (490, "Sapphire McKenzie", 0);
INSERT INTO competitor (id, name, version) VALUES (491, "Sarah Pritchard", 0);
INSERT INTO competitor (id, name, version) VALUES (492, "Sasha Chandler", 0);
INSERT INTO competitor (id, name, version) VALUES (493, "Saul Avery", 0);
INSERT INTO competitor (id, name, version) VALUES (494, "Saul Uddin", 0);
INSERT INTO competitor (id, name, version) VALUES (495, "Savanna Pearson", 0);
INSERT INTO competitor (id, name, version) VALUES (496, "Savannah Adamson", 0);
INSERT INTO competitor (id, name, version) VALUES (497, "Scarlet Dillon", 0);
INSERT INTO competitor (id, name, version) VALUES (498, "Sean Jennings", 0);
INSERT INTO competitor (id, name, version) VALUES (499, "Seb Mohammed", 0);
INSERT INTO competitor (id, name, version) VALUES (500, "Seb Wilkinson", 0);
INSERT INTO competitor (id, name, version) VALUES (501, "Seren Duffy", 0);
INSERT INTO competitor (id, name, version) VALUES (502, "Serena Dunne", 0);
INSERT INTO competitor (id, name, version) VALUES (503, "Serenity Slater", 0);
INSERT INTO competitor (id, name, version) VALUES (504, "Shanaya Rhodes", 0);
INSERT INTO competitor (id, name, version) VALUES (505, "Sheikh Savage", 0);
INSERT INTO competitor (id, name, version) VALUES (506, "Shelby Miller", 0);
INSERT INTO competitor (id, name, version) VALUES (507, "Shiloh McDermott", 0);
INSERT INTO competitor (id, name, version) VALUES (508, "Shiloh Partridge", 0);
INSERT INTO competitor (id, name, version) VALUES (509, "Shivansh Brady", 0);
INSERT INTO competitor (id, name, version) VALUES (510, "Sid Kelly", 0);
INSERT INTO competitor (id, name, version) VALUES (511, "Siena Humphrey", 0);
INSERT INTO competitor (id, name, version) VALUES (512, "Sienna Gardiner", 0);
INSERT INTO competitor (id, name, version) VALUES (513, "Skylar Naylor", 0);
INSERT INTO competitor (id, name, version) VALUES (514, "Skyler Street", 0);
INSERT INTO competitor (id, name, version) VALUES (515, "Sonny Lewis", 0);
INSERT INTO competitor (id, name, version) VALUES (516, "Spencer Birch", 0);
INSERT INTO competitor (id, name, version) VALUES (517, "Stanley Roe", 0);
INSERT INTO competitor (id, name, version) VALUES (518, "Stephanie Hughes", 0);
INSERT INTO competitor (id, name, version) VALUES (519, "Stephanie Rawlings", 0);
INSERT INTO competitor (id, name, version) VALUES (520, "Sulaiman Hardman", 0);
INSERT INTO competitor (id, name, version) VALUES (521, "Sulayman Head", 0);
INSERT INTO competitor (id, name, version) VALUES (522, "Sultan Rodgers", 0);
INSERT INTO competitor (id, name, version) VALUES (523, "Sumayyah Hawkins", 0);
INSERT INTO competitor (id, name, version) VALUES (524, "Syed Langley", 0);
INSERT INTO competitor (id, name, version) VALUES (525, "Szymon FitzGerald", 0);
INSERT INTO competitor (id, name, version) VALUES (526, "Tallulah Atkins", 0);
INSERT INTO competitor (id, name, version) VALUES (527, "Teddie Howarth", 0);
INSERT INTO competitor (id, name, version) VALUES (528, "Teo Mills", 0);
INSERT INTO competitor (id, name, version) VALUES (529, "Theadora Cassidy", 0);
INSERT INTO competitor (id, name, version) VALUES (530, "Theodor Anderson", 0);
INSERT INTO competitor (id, name, version) VALUES (531, "Theodora Cresswell", 0);
INSERT INTO competitor (id, name, version) VALUES (532, "Thomas Howard", 0);
INSERT INTO competitor (id, name, version) VALUES (533, "Tilly Dyson", 0);
INSERT INTO competitor (id, name, version) VALUES (534, "Timur Horton", 0);
INSERT INTO competitor (id, name, version) VALUES (535, "Timur Weeks", 0);
INSERT INTO competitor (id, name, version) VALUES (536, "Toby Grundy", 0);
INSERT INTO competitor (id, name, version) VALUES (537, "Tommie Berry", 0);
INSERT INTO competitor (id, name, version) VALUES (538, "Tristan Clark", 0);
INSERT INTO competitor (id, name, version) VALUES (539, "Tyson Knight", 0);
INSERT INTO competitor (id, name, version) VALUES (540, "Valentina Lawson", 0);
INSERT INTO competitor (id, name, version) VALUES (541, "Viktor Bradford", 0);
INSERT INTO competitor (id, name, version) VALUES (542, "Vincenzo Riley", 0);
INSERT INTO competitor (id, name, version) VALUES (543, "Wiktoria Brennan", 0);
INSERT INTO competitor (id, name, version) VALUES (544, "Wilfred Mead", 0);
INSERT INTO competitor (id, name, version) VALUES (545, "William Morrison", 0);
INSERT INTO competitor (id, name, version) VALUES (546, "William Vincent", 0);
INSERT INTO competitor (id, name, version) VALUES (547, "Willow-Rose Bateman", 0);
INSERT INTO competitor (id, name, version) VALUES (548, "Winifred Farrow", 0);
INSERT INTO competitor (id, name, version) VALUES (549, "Wren Johns", 0);
INSERT INTO competitor (id, name, version) VALUES (550, "Xanthe Knight", 0);
INSERT INTO competitor (id, name, version) VALUES (551, "Yousef MacKay", 0);
INSERT INTO competitor (id, name, version) VALUES (552, "Yusha Higgs", 0);
INSERT INTO competitor (id, name, version) VALUES (553, "Yusuf Daly", 0);
INSERT INTO competitor (id, name, version) VALUES (554, "Yuvraj Sheppard", 0);
INSERT INTO competitor (id, name, version) VALUES (555, "Zac Daniels", 0);
INSERT INTO competitor (id, name, version) VALUES (556, "Zack Shields", 0);
INSERT INTO competitor (id, name, version) VALUES (557, "Zackary Lindsay", 0);
INSERT INTO competitor (id, name, version) VALUES (558, "Zackary Percival", 0);
INSERT INTO competitor (id, name, version) VALUES (559, "Zackary Wainwright", 0);
INSERT INTO competitor (id, name, version) VALUES (560, "Zainab Khatun", 0);
INSERT INTO competitor (id, name, version) VALUES (561, "Zakariyya Kaye", 0);
INSERT INTO competitor (id, name, version) VALUES (562, "Zaviyar Burrows", 0);
INSERT INTO competitor (id, name, version) VALUES (563, "Zayne Crawford", 0);
INSERT INTO competitor (id, name, version) VALUES (564, "Zayyan Barber", 0);
INSERT INTO competitor (id, name, version) VALUES (565, "Zimal Bryan", 0);
INSERT INTO competitor (id, name, version) VALUES (566, "Zimal Grainger", 0);
INSERT INTO competitor (id, name, version) VALUES (567, "Zoe Little", 0);
INSERT INTO competitor (id, name, version) VALUES (568, "Zohaan Coulson", 0);
INSERT INTO competitor (id, name, version) VALUES (569, "Zuri Bennett", 0);

-- create fleet records
INSERT INTO fleet (id, name, version) VALUES (1, "Comet", 0);
INSERT INTO fleet (id, name, version) VALUES (2, "Enterprise", 0);
INSERT INTO fleet (id, name, version) VALUES (3, "Firefly", 0);
INSERT INTO fleet (id, name, version) VALUES (4, "Graduate", 0);
INSERT INTO fleet (id, name, version) VALUES (5, "Heron", 0);
INSERT INTO fleet (id, name, version) VALUES (6, "Laser", 0);
INSERT INTO fleet (id, name, version) VALUES (7, "Optimist", 0);
INSERT INTO fleet (id, name, version) VALUES (8, "Scorpion", 0);
INSERT INTO fleet (id, name, version) VALUES (9, "Solo", 0);
INSERT INTO fleet (id, name, version) VALUES (10, "Topper", 0);
INSERT INTO fleet (id, name, version) VALUES (11, "Handicap", 0);

-- assign dinghy classes to fleets
INSERT INTO fleet_dinghy_classes (fleet_id, dinghy_classes_id) VALUES (1, 5);
INSERT INTO fleet_dinghy_classes (fleet_id, dinghy_classes_id) VALUES (1, 7);
INSERT INTO fleet_dinghy_classes (fleet_id, dinghy_classes_id) VALUES (2, 8);
INSERT INTO fleet_dinghy_classes (fleet_id, dinghy_classes_id) VALUES (2, 9);
INSERT INTO fleet_dinghy_classes (fleet_id, dinghy_classes_id) VALUES (3, 11);
INSERT INTO fleet_dinghy_classes (fleet_id, dinghy_classes_id) VALUES (4, 13);
INSERT INTO fleet_dinghy_classes (fleet_id, dinghy_classes_id) VALUES (4, 14);
INSERT INTO fleet_dinghy_classes (fleet_id, dinghy_classes_id) VALUES (5, 16);
INSERT INTO fleet_dinghy_classes (fleet_id, dinghy_classes_id) VALUES (5, 17);
INSERT INTO fleet_dinghy_classes (fleet_id, dinghy_classes_id) VALUES (6, 21);
INSERT INTO fleet_dinghy_classes (fleet_id, dinghy_classes_id) VALUES (6, 22);
INSERT INTO fleet_dinghy_classes (fleet_id, dinghy_classes_id) VALUES (6, 24);
INSERT INTO fleet_dinghy_classes (fleet_id, dinghy_classes_id) VALUES (6, 27);
INSERT INTO fleet_dinghy_classes (fleet_id, dinghy_classes_id) VALUES (7, 31);
INSERT INTO fleet_dinghy_classes (fleet_id, dinghy_classes_id) VALUES (8, 43);
INSERT INTO fleet_dinghy_classes (fleet_id, dinghy_classes_id) VALUES (9, 44);
INSERT INTO fleet_dinghy_classes (fleet_id, dinghy_classes_id) VALUES (10, 48);
INSERT INTO fleet_dinghy_classes (fleet_id, dinghy_classes_id) VALUES (10, 49);
INSERT INTO fleet_dinghy_classes (fleet_id, dinghy_classes_id) VALUES (10, 50);

-- create race records
INSERT INTO race (id, name, version) VALUES (1, "Scorpion A", 0);
INSERT INTO race (id, name, version) VALUES (2, "Graduate A", 0);
INSERT INTO race (id, name, version) VALUES (3, "Comet A", 0);
INSERT INTO race (id, name, version) VALUES (4, "Handicap A", 0);
INSERT INTO race (id, name, version) VALUES (5, "Veterans A", 0);

-- create direct race records
INSERT INTO direct_race (id, duration, planned_laps, planned_start_time, fleet_id, `type`, start_type) VALUES (1, 2700000000000, 5, "2025-02-09 10:10:00", 8, "FLEET", "CSCCLUBSTART");
INSERT INTO direct_race (id, duration, planned_laps, planned_start_time, fleet_id, `type`, start_type) VALUES (2, 2700000000000, 5, "2025-02-09 10:15:00", 4, "FLEET", "CSCCLUBSTART");
INSERT INTO direct_race (id, duration, planned_laps, planned_start_time, fleet_id, `type`, start_type) VALUES (3, 2100000000000, 4, "2025-02-09 10:20:00", 1, "FLEET", "CSCCLUBSTART");
INSERT INTO direct_race (id, duration, planned_laps, planned_start_time, fleet_id, `type`, start_type) VALUES (4, 2100000000000, 4, "2025-02-09 10:25:00", 11, "FLEET", "CSCCLUBSTART");
	
-- create embedded races
INSERT INTO embedded_race (id) VALUES (5);

INSERT INTO embedded_race_hosts (embedded_race_id, hosts_id) VALUES (5, 3);
INSERT INTO embedded_race_hosts (embedded_race_id, hosts_id) VALUES (5, 4);

-- create entries
INSERT INTO entry (id, helm_id, dinghy_id, race_id, crew_id, version) VALUES (42, 328, 13, 3, NULL, 0);
INSERT INTO entry (id, helm_id, dinghy_id, race_id, crew_id, version) VALUES (43, 93, 15, 3, NULL, 0);
INSERT INTO entry (id, helm_id, dinghy_id, race_id, crew_id, version) VALUES (44, 373, 19, 3, NULL, 0);
INSERT INTO entry (id, helm_id, dinghy_id, race_id, crew_id, version) VALUES (45, 226, 20, 3, NULL, 0);
INSERT INTO entry (id, helm_id, dinghy_id, race_id, crew_id, version) VALUES (46, 425, 23, 3, NULL, 0);
INSERT INTO entry (id, helm_id, dinghy_id, race_id, crew_id, version) VALUES (47, 36, 25, 3, NULL, 0);
INSERT INTO entry (id, helm_id, dinghy_id, race_id, crew_id, version) VALUES (48, 202, 27, 3, NULL, 0);
INSERT INTO entry (id, helm_id, dinghy_id, race_id, crew_id, version) VALUES (49, 552, 30, 3, NULL, 0);
INSERT INTO entry (id, helm_id, dinghy_id, race_id, crew_id, version) VALUES (50, 214, 31, 3, NULL, 0);
INSERT INTO entry (id, helm_id, dinghy_id, race_id, crew_id, version) VALUES (51, 84, 33, 3, NULL, 0);
INSERT INTO entry (id, helm_id, dinghy_id, race_id, crew_id, version) VALUES (52, 103, 36, 3, NULL, 0);
INSERT INTO entry (id, helm_id, dinghy_id, race_id, crew_id, version) VALUES (53, 221, 37, 3, NULL, 0);
INSERT INTO entry (id, helm_id, dinghy_id, race_id, crew_id, version) VALUES (54, 147, 40, 3, NULL, 0);
INSERT INTO entry (id, helm_id, dinghy_id, race_id, crew_id, version) VALUES (55, 269, 41, 3, NULL, 0);
INSERT INTO entry (id, helm_id, dinghy_id, race_id, crew_id, version) VALUES (56, 525, 42, 3, NULL, 0);
INSERT INTO entry (id, helm_id, dinghy_id, race_id, crew_id, version) VALUES (57, 90, 45, 3, NULL, 0);
INSERT INTO entry (id, helm_id, dinghy_id, race_id, crew_id, version) VALUES (58, 17, 46, 3, NULL, 0);
INSERT INTO entry (id, helm_id, dinghy_id, race_id, crew_id, version) VALUES (59, 526, 49, 3, NULL, 0);
INSERT INTO entry (id, helm_id, dinghy_id, race_id, crew_id, version) VALUES (60, 458, 50, 3, NULL, 0);
INSERT INTO entry (id, helm_id, dinghy_id, race_id, crew_id, version) VALUES (61, 141, 51, 3, NULL, 0);
INSERT INTO entry (id, helm_id, dinghy_id, race_id, crew_id, version) VALUES (62, 508, 54, 3, NULL, 0);
INSERT INTO entry (id, helm_id, dinghy_id, race_id, crew_id, version) VALUES (63, 487, 55, 3, NULL, 0);
INSERT INTO entry (id, helm_id, dinghy_id, race_id, crew_id, version) VALUES (64, 234, 58, 3, NULL, 0);
INSERT INTO entry (id, helm_id, dinghy_id, race_id, crew_id, version) VALUES (65, 332, 59, 3, NULL, 0);
INSERT INTO entry (id, helm_id, dinghy_id, race_id, crew_id, version) VALUES (66, 386, 60, 3, NULL, 0);
INSERT INTO entry (id, helm_id, dinghy_id, race_id, crew_id, version) VALUES (67, 325, 63, 3, NULL, 0);
INSERT INTO entry (id, helm_id, dinghy_id, race_id, crew_id, version) VALUES (68, 96, 64, 3, NULL, 0);
INSERT INTO entry (id, helm_id, dinghy_id, race_id, crew_id, version) VALUES (69, 363, 66, 3, NULL, 0);
INSERT INTO entry (id, helm_id, dinghy_id, race_id, crew_id, version) VALUES (71, 159, 760, 4, NULL, 0);
INSERT INTO entry (id, helm_id, dinghy_id, race_id, crew_id, version) VALUES (73, 480, 386, 4, NULL, 0);
INSERT INTO entry (id, helm_id, dinghy_id, race_id, crew_id, version) VALUES (74, 11, 311, 4, NULL, 0);
INSERT INTO entry (id, helm_id, dinghy_id, race_id, crew_id, version) VALUES (75, 250, 414, 4, NULL, 0);
INSERT INTO entry (id, helm_id, dinghy_id, race_id, crew_id, version) VALUES (77, 157, 508, 4, NULL, 0);
INSERT INTO entry (id, helm_id, dinghy_id, race_id, crew_id, version) VALUES (78, 392, 349, 4, NULL, 0);
INSERT INTO entry (id, helm_id, dinghy_id, race_id, crew_id, version) VALUES (79, 253, 700, 4, NULL, 0);
INSERT INTO entry (id, helm_id, dinghy_id, race_id, crew_id, version) VALUES (80, 134, 533, 4, NULL, 0);
INSERT INTO entry (id, helm_id, dinghy_id, race_id, crew_id, version) VALUES (81, 349, 302, 4, NULL, 0);
INSERT INTO entry (id, helm_id, dinghy_id, race_id, crew_id, version) VALUES (83, 265, 737, 4, NULL, 0);
INSERT INTO entry (id, helm_id, dinghy_id, race_id, crew_id, version) VALUES (84, 220, 756, 4, NULL, 0);
INSERT INTO entry (id, helm_id, dinghy_id, race_id, crew_id, version) VALUES (86, 466, 640, 4, NULL, 0);
INSERT INTO entry (id, helm_id, dinghy_id, race_id, crew_id, version) VALUES (87, 524, 368, 4, NULL, 0);
INSERT INTO entry (id, helm_id, dinghy_id, race_id, crew_id, version) VALUES (88, 154, 628, 4, NULL, 0);
INSERT INTO entry (id, helm_id, dinghy_id, race_id, crew_id, version) VALUES (89, 121, 680, 4, NULL, 0);
INSERT INTO entry (id, helm_id, dinghy_id, race_id, crew_id, version) VALUES (90, 100, 574, 4, NULL, 0);
INSERT INTO entry (id, helm_id, dinghy_id, race_id, crew_id, version) VALUES (91, 512, 53, 4, NULL, 0);
INSERT INTO entry (id, helm_id, dinghy_id, race_id, crew_id, version) VALUES (92, 170, 314, 4, NULL, 0);
INSERT INTO entry (id, helm_id, dinghy_id, race_id, crew_id, version) VALUES (95, 424, 322, 4, NULL, 0);
INSERT INTO entry (id, helm_id, dinghy_id, race_id, crew_id, version) VALUES (97, 379, 408, 4, NULL, 0);
INSERT INTO entry (id, helm_id, dinghy_id, race_id, crew_id, version) VALUES (1, 218, 553, 1, 488, 0);
INSERT INTO entry (id, helm_id, dinghy_id, race_id, crew_id, version) VALUES (2, 209, 554, 1, 459, 0);
INSERT INTO entry (id, helm_id, dinghy_id, race_id, crew_id, version) VALUES (3, 193, 555, 1, 59, 0);
INSERT INTO entry (id, helm_id, dinghy_id, race_id, crew_id, version) VALUES (4, 144, 556, 1, 229, 0);
INSERT INTO entry (id, helm_id, dinghy_id, race_id, crew_id, version) VALUES (5, 262, 557, 1, 302, 0);
INSERT INTO entry (id, helm_id, dinghy_id, race_id, crew_id, version) VALUES (6, 352, 558, 1, 322, 0);
INSERT INTO entry (id, helm_id, dinghy_id, race_id, crew_id, version) VALUES (7, 244, 559, 1, 55, 0);
INSERT INTO entry (id, helm_id, dinghy_id, race_id, crew_id, version) VALUES (8, 282, 560, 1, 468, 0);
INSERT INTO entry (id, helm_id, dinghy_id, race_id, crew_id, version) VALUES (9, 127, 561, 1, 425, 0);
INSERT INTO entry (id, helm_id, dinghy_id, race_id, crew_id, version) VALUES (10, 307, 562, 1, 466, 0);
INSERT INTO entry (id, helm_id, dinghy_id, race_id, crew_id, version) VALUES (11, 298, 563, 1, 195, 0);
INSERT INTO entry (id, helm_id, dinghy_id, race_id, crew_id, version) VALUES (12, 129, 158, 2, 164, 0);
INSERT INTO entry (id, helm_id, dinghy_id, race_id, crew_id, version) VALUES (13, 15, 160, 2, 485, 0);
INSERT INTO entry (id, helm_id, dinghy_id, race_id, crew_id, version) VALUES (14, 264, 163, 2, 132, 0);
INSERT INTO entry (id, helm_id, dinghy_id, race_id, crew_id, version) VALUES (15, 417, 164, 2, 212, 0);
INSERT INTO entry (id, helm_id, dinghy_id, race_id, crew_id, version) VALUES (16, 225, 166, 2, 198, 0);
INSERT INTO entry (id, helm_id, dinghy_id, race_id, crew_id, version) VALUES (17, 72, 168, 2, 503, 0);
INSERT INTO entry (id, helm_id, dinghy_id, race_id, crew_id, version) VALUES (18, 369, 169, 2, 419, 0);
INSERT INTO entry (id, helm_id, dinghy_id, race_id, crew_id, version) VALUES (19, 161, 172, 2, 34, 0);
INSERT INTO entry (id, helm_id, dinghy_id, race_id, crew_id, version) VALUES (20, 166, 174, 2, 253, 0);
INSERT INTO entry (id, helm_id, dinghy_id, race_id, crew_id, version) VALUES (21, 22, 175, 2, 306, 0);
INSERT INTO entry (id, helm_id, dinghy_id, race_id, crew_id, version) VALUES (22, 310, 177, 2, 103, 0);
INSERT INTO entry (id, helm_id, dinghy_id, race_id, crew_id, version) VALUES (23, 41, 180, 2, 38, 0);
INSERT INTO entry (id, helm_id, dinghy_id, race_id, crew_id, version) VALUES (24, 235, 181, 2, 271, 0);
INSERT INTO entry (id, helm_id, dinghy_id, race_id, crew_id, version) VALUES (25, 358, 183, 2, 429, 0);
INSERT INTO entry (id, helm_id, dinghy_id, race_id, crew_id, version) VALUES (26, 357, 184, 2, 323, 0);
INSERT INTO entry (id, helm_id, dinghy_id, race_id, crew_id, version) VALUES (27, 23, 185, 2, 456, 0);
INSERT INTO entry (id, helm_id, dinghy_id, race_id, crew_id, version) VALUES (28, 489, 188, 2, 321, 0);
INSERT INTO entry (id, helm_id, dinghy_id, race_id, crew_id, version) VALUES (29, 123, 189, 2, 200, 0);
INSERT INTO entry (id, helm_id, dinghy_id, race_id, crew_id, version) VALUES (30, 246, 190, 2, 530, 0);
INSERT INTO entry (id, helm_id, dinghy_id, race_id, crew_id, version) VALUES (31, 334, 192, 2, 156, 0);
INSERT INTO entry (id, helm_id, dinghy_id, race_id, crew_id, version) VALUES (32, 413, 194, 2, 316, 0);
INSERT INTO entry (id, helm_id, dinghy_id, race_id, crew_id, version) VALUES (33, 273, 195, 2, 87, 0);
INSERT INTO entry (id, helm_id, dinghy_id, race_id, crew_id, version) VALUES (34, 181, 198, 2, 373, 0);
INSERT INTO entry (id, helm_id, dinghy_id, race_id, crew_id, version) VALUES (35, 544, 200, 2, 62, 0);
INSERT INTO entry (id, helm_id, dinghy_id, race_id, crew_id, version) VALUES (36, 215, 201, 2, 223, 0);
INSERT INTO entry (id, helm_id, dinghy_id, race_id, crew_id, version) VALUES (37, 338, 202, 2, 354, 0);
INSERT INTO entry (id, helm_id, dinghy_id, race_id, crew_id, version) VALUES (38, 372, 204, 2, 285, 0);
INSERT INTO entry (id, helm_id, dinghy_id, race_id, crew_id, version) VALUES (39, 61, 205, 2, 146, 0);
INSERT INTO entry (id, helm_id, dinghy_id, race_id, crew_id, version) VALUES (40, 557, 206, 2, 104, 0);
INSERT INTO entry (id, helm_id, dinghy_id, race_id, crew_id, version) VALUES (41, 308, 209, 2, 445, 0);
INSERT INTO entry (id, helm_id, dinghy_id, race_id, crew_id, version) VALUES (70, 144, 124, 4, 174, 0);
INSERT INTO entry (id, helm_id, dinghy_id, race_id, crew_id, version) VALUES (72, 422, 561, 4, 97, 0);
INSERT INTO entry (id, helm_id, dinghy_id, race_id, crew_id, version) VALUES (76, 406, 777, 4, 394, 0);
INSERT INTO entry (id, helm_id, dinghy_id, race_id, crew_id, version) VALUES (82, 63, 83, 4, 313, 0);
INSERT INTO entry (id, helm_id, dinghy_id, race_id, crew_id, version) VALUES (85, 462, 453, 4, 266, 0);
INSERT INTO entry (id, helm_id, dinghy_id, race_id, crew_id, version) VALUES (93, 493, 168, 4, 451, 0);
INSERT INTO entry (id, helm_id, dinghy_id, race_id, crew_id, version) VALUES (94, 497, 76, 4, 1, 0);
INSERT INTO entry (id, helm_id, dinghy_id, race_id, crew_id, version) VALUES (96, 235, 791, 4, 400, 0);

INSERT INTO competitor_seq SET next_val = (SELECT MAX(id) + 50 FROM competitor);
INSERT INTO dinghy_seq SET next_val = (SELECT MAX(id) + 50 FROM dinghy);
INSERT INTO dinghy_class_seq SET next_val = (SELECT MAX(id) + 50 FROM dinghy_class);
INSERT INTO entry_seq SET next_val = (SELECT MAX(id) + 50 FROM entry);
INSERT INTO lap_seq SET next_val = 1;
INSERT INTO race_seq SET next_val = (SELECT MAX(id) + 50 FROM race);
INSERT INTO fleet_seq SET next_val = (SELECT MAX(id) + 50 FROM fleet);