USE dinghy_racing;

-- clear existing data
DELETE FROM entry_laps;
DELETE FROM lap;
DELETE FROM entry;
DELETE FROM race;
DELETE FROM dinghy;
DELETE FROM dinghy_class;
DELETE FROM competitor;

-- create testing data
INSERT INTO dinghy_class (id, name, crew_size, version) VALUES (1, "Albacore", 2, 0);
INSERT INTO dinghy_class (id, name, crew_size, version) VALUES (2, "Byte", 1, 0);
INSERT INTO dinghy_class (id, name, crew_size, version) VALUES (3, "Byte C2", 1, 0);
INSERT INTO dinghy_class (id, name, crew_size, version) VALUES (4, "Cadet", 2, 0);
INSERT INTO dinghy_class (id, name, crew_size, version) VALUES (5, "Comet", 1, 0);
INSERT INTO dinghy_class (id, name, crew_size, version) VALUES (6, "Comet Duo", 2, 0);
INSERT INTO dinghy_class (id, name, crew_size, version) VALUES (7, "Comet Mino", 1, 0);
INSERT INTO dinghy_class (id, name, crew_size, version) VALUES (8, "Enterprise", 2, 0);
INSERT INTO dinghy_class (id, name, crew_size, version) VALUES (9, "Enterprise SnglHnd", 1, 0);
INSERT INTO dinghy_class (id, name, crew_size, version) VALUES (10, "Finn", 1, 0);
INSERT INTO dinghy_class (id, name, crew_size, version) VALUES (11, "Firefly", 2, 0);
INSERT INTO dinghy_class (id, name, crew_size, version) VALUES (12, "GP14", 2, 0);
INSERT INTO dinghy_class (id, name, crew_size, version) VALUES (13, "Graduate", 2, 0);
INSERT INTO dinghy_class (id, name, crew_size, version) VALUES (14, "Graduate OS", 2, 0);
INSERT INTO dinghy_class (id, name, crew_size, version) VALUES (15, "Gull", 2, 0);
INSERT INTO dinghy_class (id, name, crew_size, version) VALUES (16, "Heron", 2, 0);
INSERT INTO dinghy_class (id, name, crew_size, version) VALUES (17, "Heron SnglHnd", 1, 0);
INSERT INTO dinghy_class (id, name, crew_size, version) VALUES (18, "International 2.4", 1, 0);
INSERT INTO dinghy_class (id, name, crew_size, version) VALUES (19, "K1", 1, 0);
INSERT INTO dinghy_class (id, name, crew_size, version) VALUES (20, "Lark", 2, 0);
INSERT INTO dinghy_class (id, name, crew_size, version) VALUES (21, "Laser", 1, 0);
INSERT INTO dinghy_class (id, name, crew_size, version) VALUES (22, "Laser (Rooster)", 1, 0);
INSERT INTO dinghy_class (id, name, crew_size, version) VALUES (23, "Laser 2000", 2, 0);
INSERT INTO dinghy_class (id, name, crew_size, version) VALUES (24, "Laser 4.7", 1, 0);
INSERT INTO dinghy_class (id, name, crew_size, version) VALUES (25, "Laser II", 2, 0);
INSERT INTO dinghy_class (id, name, crew_size, version) VALUES (26, "Laser Pico", 1, 0);
INSERT INTO dinghy_class (id, name, crew_size, version) VALUES (27, "Laser Radial", 1, 0);
INSERT INTO dinghy_class (id, name, crew_size, version) VALUES (28, "Merlin Rocket Vintage", 2, 0);
INSERT INTO dinghy_class (id, name, crew_size, version) VALUES (29, "Mirror", 2, 0);
INSERT INTO dinghy_class (id, name, crew_size, version) VALUES (30, "National 12", 2, 0);
INSERT INTO dinghy_class (id, name, crew_size, version) VALUES (31, "Optimist", 1, 0);
INSERT INTO dinghy_class (id, name, crew_size, version) VALUES (32, "Pacer", 2, 0);
INSERT INTO dinghy_class (id, name, crew_size, version) VALUES (33, "Phantom", 1, 0);
INSERT INTO dinghy_class (id, name, crew_size, version) VALUES (34, "Pisces", 1, 0);
INSERT INTO dinghy_class (id, name, crew_size, version) VALUES (35, "RS Aero 7", 1, 0);
INSERT INTO dinghy_class (id, name, crew_size, version) VALUES (36, "RS Aero 9", 1, 0);
INSERT INTO dinghy_class (id, name, crew_size, version) VALUES (37, "RS Feva", 2, 0);
INSERT INTO dinghy_class (id, name, crew_size, version) VALUES (38, "RS Tera", 1, 0);
INSERT INTO dinghy_class (id, name, crew_size, version) VALUES (39, "RS Tera (pro)", 1, 0);
INSERT INTO dinghy_class (id, name, crew_size, version) VALUES (40, "RS Tera (sport)", 1, 0);
INSERT INTO dinghy_class (id, name, crew_size, version) VALUES (41, "RS Vareo", 1, 0);
INSERT INTO dinghy_class (id, name, crew_size, version) VALUES (42, "RS200", 2, 0);
INSERT INTO dinghy_class (id, name, crew_size, version) VALUES (43, "Scorpion", 2, 0);
INSERT INTO dinghy_class (id, name, crew_size, version) VALUES (44, "Solo", 1, 0);
INSERT INTO dinghy_class (id, name, crew_size, version) VALUES (45, "Streaker", 1, 0);
INSERT INTO dinghy_class (id, name, crew_size, version) VALUES (46, "Supernova", 1, 0);
INSERT INTO dinghy_class (id, name, crew_size, version) VALUES (47, "Tasar", 2, 0);
INSERT INTO dinghy_class (id, name, crew_size, version) VALUES (48, "Topper", 1, 0);
INSERT INTO dinghy_class (id, name, crew_size, version) VALUES (49, "Topper 4.2", 1, 0);
INSERT INTO dinghy_class (id, name, crew_size, version) VALUES (50, "Topper 6.4", 1, 0);
INSERT INTO dinghy_class (id, name, crew_size, version) VALUES (51, "Vision", 2, 0);
INSERT INTO dinghy_class (id, name, crew_size, version) VALUES (52, "Wanderer", 2, 0);
INSERT INTO dinghy_class (id, name, crew_size, version) VALUES (53, "Wayfarer", 2, 0);

INSERT INTO dinghy (id, sail_number, dinghy_class_id, version) VALUES (54, "5897", 1, 0);
INSERT INTO dinghy (id, sail_number, dinghy_class_id, version) VALUES (55, "7415", 1, 0);
INSERT INTO dinghy (id, sail_number, dinghy_class_id, version) VALUES (56, "8330", 1, 0);
INSERT INTO dinghy (id, sail_number, dinghy_class_id, version) VALUES (57, "1497", 2, 0);
INSERT INTO dinghy (id, sail_number, dinghy_class_id, version) VALUES (58, "1640", 2, 0);
INSERT INTO dinghy (id, sail_number, dinghy_class_id, version) VALUES (59, "1497", 3, 0);
INSERT INTO dinghy (id, sail_number, dinghy_class_id, version) VALUES (60, "1640", 3, 0);
INSERT INTO dinghy (id, sail_number, dinghy_class_id, version) VALUES (61, "3587", 3, 0);
INSERT INTO dinghy (id, sail_number, dinghy_class_id, version) VALUES (62, "8849", 4, 0);
INSERT INTO dinghy (id, sail_number, dinghy_class_id, version) VALUES (63, "9029", 4, 0);
INSERT INTO dinghy (id, sail_number, dinghy_class_id, version) VALUES (64, "9456", 4, 0);
INSERT INTO dinghy (id, sail_number, dinghy_class_id, version) VALUES (65, "9546", 4, 0);
INSERT INTO dinghy (id, sail_number, dinghy_class_id, version) VALUES (66, "5", 5, 0);
INSERT INTO dinghy (id, sail_number, dinghy_class_id, version) VALUES (67, "14", 5, 0);
INSERT INTO dinghy (id, sail_number, dinghy_class_id, version) VALUES (68, "15", 5, 0);
INSERT INTO dinghy (id, sail_number, dinghy_class_id, version) VALUES (69, "45", 5, 0);
INSERT INTO dinghy (id, sail_number, dinghy_class_id, version) VALUES (70, "64", 5, 0);
INSERT INTO dinghy (id, sail_number, dinghy_class_id, version) VALUES (71, "94", 5, 0);
INSERT INTO dinghy (id, sail_number, dinghy_class_id, version) VALUES (72, "115", 5, 0);
INSERT INTO dinghy (id, sail_number, dinghy_class_id, version) VALUES (73, "123", 5, 0);
INSERT INTO dinghy (id, sail_number, dinghy_class_id, version) VALUES (74, "145", 5, 0);
INSERT INTO dinghy (id, sail_number, dinghy_class_id, version) VALUES (75, "150", 5, 0);
INSERT INTO dinghy (id, sail_number, dinghy_class_id, version) VALUES (76, "174", 5, 0);
INSERT INTO dinghy (id, sail_number, dinghy_class_id, version) VALUES (77, "185", 5, 0);
INSERT INTO dinghy (id, sail_number, dinghy_class_id, version) VALUES (78, "211", 5, 0);
INSERT INTO dinghy (id, sail_number, dinghy_class_id, version) VALUES (79, "214", 5, 0);
INSERT INTO dinghy (id, sail_number, dinghy_class_id, version) VALUES (80, "221", 5, 0);
INSERT INTO dinghy (id, sail_number, dinghy_class_id, version) VALUES (81, "228", 5, 0);
INSERT INTO dinghy (id, sail_number, dinghy_class_id, version) VALUES (82, "232", 5, 0);
INSERT INTO dinghy (id, sail_number, dinghy_class_id, version) VALUES (83, "247", 5, 0);
INSERT INTO dinghy (id, sail_number, dinghy_class_id, version) VALUES (84, "252", 5, 0);
INSERT INTO dinghy (id, sail_number, dinghy_class_id, version) VALUES (85, "261", 5, 0);
INSERT INTO dinghy (id, sail_number, dinghy_class_id, version) VALUES (86, "290", 5, 0);
INSERT INTO dinghy (id, sail_number, dinghy_class_id, version) VALUES (87, "361", 5, 0);
INSERT INTO dinghy (id, sail_number, dinghy_class_id, version) VALUES (88, "383", 5, 0);
INSERT INTO dinghy (id, sail_number, dinghy_class_id, version) VALUES (89, "399", 5, 0);
INSERT INTO dinghy (id, sail_number, dinghy_class_id, version) VALUES (90, "430", 5, 0);
INSERT INTO dinghy (id, sail_number, dinghy_class_id, version) VALUES (91, "442", 5, 0);
INSERT INTO dinghy (id, sail_number, dinghy_class_id, version) VALUES (92, "462", 5, 0);
INSERT INTO dinghy (id, sail_number, dinghy_class_id, version) VALUES (93, "466", 5, 0);
INSERT INTO dinghy (id, sail_number, dinghy_class_id, version) VALUES (94, "472", 5, 0);
INSERT INTO dinghy (id, sail_number, dinghy_class_id, version) VALUES (95, "475", 5, 0);
INSERT INTO dinghy (id, sail_number, dinghy_class_id, version) VALUES (96, "513", 5, 0);
INSERT INTO dinghy (id, sail_number, dinghy_class_id, version) VALUES (97, "525", 5, 0);
INSERT INTO dinghy (id, sail_number, dinghy_class_id, version) VALUES (98, "555", 5, 0);
INSERT INTO dinghy (id, sail_number, dinghy_class_id, version) VALUES (99, "561", 5, 0);
INSERT INTO dinghy (id, sail_number, dinghy_class_id, version) VALUES (100, "595", 5, 0);
INSERT INTO dinghy (id, sail_number, dinghy_class_id, version) VALUES (101, "657", 5, 0);
INSERT INTO dinghy (id, sail_number, dinghy_class_id, version) VALUES (102, "677", 5, 0);
INSERT INTO dinghy (id, sail_number, dinghy_class_id, version) VALUES (103, "700", 5, 0);
INSERT INTO dinghy (id, sail_number, dinghy_class_id, version) VALUES (104, "748", 5, 0);
INSERT INTO dinghy (id, sail_number, dinghy_class_id, version) VALUES (105, "777", 5, 0);
INSERT INTO dinghy (id, sail_number, dinghy_class_id, version) VALUES (106, "778", 5, 0);
INSERT INTO dinghy (id, sail_number, dinghy_class_id, version) VALUES (107, "803", 5, 0);
INSERT INTO dinghy (id, sail_number, dinghy_class_id, version) VALUES (108, "806", 5, 0);
INSERT INTO dinghy (id, sail_number, dinghy_class_id, version) VALUES (109, "828", 5, 0);
INSERT INTO dinghy (id, sail_number, dinghy_class_id, version) VALUES (110, "880", 5, 0);
INSERT INTO dinghy (id, sail_number, dinghy_class_id, version) VALUES (111, "884", 5, 0);
INSERT INTO dinghy (id, sail_number, dinghy_class_id, version) VALUES (112, "886", 5, 0);
INSERT INTO dinghy (id, sail_number, dinghy_class_id, version) VALUES (113, "890", 5, 0);
INSERT INTO dinghy (id, sail_number, dinghy_class_id, version) VALUES (114, "892", 5, 0);
INSERT INTO dinghy (id, sail_number, dinghy_class_id, version) VALUES (115, "893", 5, 0);
INSERT INTO dinghy (id, sail_number, dinghy_class_id, version) VALUES (116, "903", 5, 0);
INSERT INTO dinghy (id, sail_number, dinghy_class_id, version) VALUES (117, "906", 5, 0);
INSERT INTO dinghy (id, sail_number, dinghy_class_id, version) VALUES (118, "1500", 5, 0);
INSERT INTO dinghy (id, sail_number, dinghy_class_id, version) VALUES (119, "2326", 5, 0);
INSERT INTO dinghy (id, sail_number, dinghy_class_id, version) VALUES (120, "5735", 5, 0);
INSERT INTO dinghy (id, sail_number, dinghy_class_id, version) VALUES (121, "171", 6, 0);
INSERT INTO dinghy (id, sail_number, dinghy_class_id, version) VALUES (122, "94", 7, 0);
INSERT INTO dinghy (id, sail_number, dinghy_class_id, version) VALUES (123, "2", 8, 0);
INSERT INTO dinghy (id, sail_number, dinghy_class_id, version) VALUES (124, "86", 8, 0);
INSERT INTO dinghy (id, sail_number, dinghy_class_id, version) VALUES (125, "1824", 8, 0);
INSERT INTO dinghy (id, sail_number, dinghy_class_id, version) VALUES (126, "1909", 8, 0);
INSERT INTO dinghy (id, sail_number, dinghy_class_id, version) VALUES (127, "2286", 8, 0);
INSERT INTO dinghy (id, sail_number, dinghy_class_id, version) VALUES (128, "2349", 8, 0);
INSERT INTO dinghy (id, sail_number, dinghy_class_id, version) VALUES (129, "6742", 8, 0);
INSERT INTO dinghy (id, sail_number, dinghy_class_id, version) VALUES (130, "8059", 8, 0);
INSERT INTO dinghy (id, sail_number, dinghy_class_id, version) VALUES (131, "11267", 8, 0);
INSERT INTO dinghy (id, sail_number, dinghy_class_id, version) VALUES (132, "12812", 8, 0);
INSERT INTO dinghy (id, sail_number, dinghy_class_id, version) VALUES (133, "13779", 8, 0);
INSERT INTO dinghy (id, sail_number, dinghy_class_id, version) VALUES (134, "14559", 8, 0);
INSERT INTO dinghy (id, sail_number, dinghy_class_id, version) VALUES (135, "15905", 8, 0);
INSERT INTO dinghy (id, sail_number, dinghy_class_id, version) VALUES (136, "16502", 8, 0);
INSERT INTO dinghy (id, sail_number, dinghy_class_id, version) VALUES (137, "17363", 8, 0);
INSERT INTO dinghy (id, sail_number, dinghy_class_id, version) VALUES (138, "18007", 8, 0);
INSERT INTO dinghy (id, sail_number, dinghy_class_id, version) VALUES (139, "18704", 8, 0);
INSERT INTO dinghy (id, sail_number, dinghy_class_id, version) VALUES (140, "18781", 8, 0);
INSERT INTO dinghy (id, sail_number, dinghy_class_id, version) VALUES (141, "18922", 8, 0);
INSERT INTO dinghy (id, sail_number, dinghy_class_id, version) VALUES (142, "18937", 8, 0);
INSERT INTO dinghy (id, sail_number, dinghy_class_id, version) VALUES (143, "19102", 8, 0);
INSERT INTO dinghy (id, sail_number, dinghy_class_id, version) VALUES (144, "19943", 8, 0);
INSERT INTO dinghy (id, sail_number, dinghy_class_id, version) VALUES (145, "20033", 8, 0);
INSERT INTO dinghy (id, sail_number, dinghy_class_id, version) VALUES (146, "20504", 8, 0);
INSERT INTO dinghy (id, sail_number, dinghy_class_id, version) VALUES (147, "20607", 8, 0);
INSERT INTO dinghy (id, sail_number, dinghy_class_id, version) VALUES (148, "20660", 8, 0);
INSERT INTO dinghy (id, sail_number, dinghy_class_id, version) VALUES (149, "20793", 8, 0);
INSERT INTO dinghy (id, sail_number, dinghy_class_id, version) VALUES (150, "20871", 8, 0);
INSERT INTO dinghy (id, sail_number, dinghy_class_id, version) VALUES (151, "21301", 8, 0);
INSERT INTO dinghy (id, sail_number, dinghy_class_id, version) VALUES (152, "21501", 8, 0);
INSERT INTO dinghy (id, sail_number, dinghy_class_id, version) VALUES (153, "21633", 8, 0);
INSERT INTO dinghy (id, sail_number, dinghy_class_id, version) VALUES (154, "21818", 8, 0);
INSERT INTO dinghy (id, sail_number, dinghy_class_id, version) VALUES (155, "21938", 8, 0);
INSERT INTO dinghy (id, sail_number, dinghy_class_id, version) VALUES (156, "21978", 8, 0);
INSERT INTO dinghy (id, sail_number, dinghy_class_id, version) VALUES (157, "22085", 8, 0);
INSERT INTO dinghy (id, sail_number, dinghy_class_id, version) VALUES (158, "22132", 8, 0);
INSERT INTO dinghy (id, sail_number, dinghy_class_id, version) VALUES (159, "22305", 8, 0);
INSERT INTO dinghy (id, sail_number, dinghy_class_id, version) VALUES (160, "22497", 8, 0);
INSERT INTO dinghy (id, sail_number, dinghy_class_id, version) VALUES (161, "22518", 8, 0);
INSERT INTO dinghy (id, sail_number, dinghy_class_id, version) VALUES (162, "22549", 8, 0);
INSERT INTO dinghy (id, sail_number, dinghy_class_id, version) VALUES (163, "22625", 8, 0);
INSERT INTO dinghy (id, sail_number, dinghy_class_id, version) VALUES (164, "22754", 8, 0);
INSERT INTO dinghy (id, sail_number, dinghy_class_id, version) VALUES (165, "22810", 8, 0);
INSERT INTO dinghy (id, sail_number, dinghy_class_id, version) VALUES (166, "22851", 8, 0);
INSERT INTO dinghy (id, sail_number, dinghy_class_id, version) VALUES (167, "22860", 8, 0);
INSERT INTO dinghy (id, sail_number, dinghy_class_id, version) VALUES (168, "22906", 8, 0);
INSERT INTO dinghy (id, sail_number, dinghy_class_id, version) VALUES (169, "22928", 8, 0);
INSERT INTO dinghy (id, sail_number, dinghy_class_id, version) VALUES (170, "22930", 8, 0);
INSERT INTO dinghy (id, sail_number, dinghy_class_id, version) VALUES (171, "22938", 8, 0);
INSERT INTO dinghy (id, sail_number, dinghy_class_id, version) VALUES (172, "23053", 8, 0);
INSERT INTO dinghy (id, sail_number, dinghy_class_id, version) VALUES (173, "23087", 8, 0);
INSERT INTO dinghy (id, sail_number, dinghy_class_id, version) VALUES (174, "23122", 8, 0);
INSERT INTO dinghy (id, sail_number, dinghy_class_id, version) VALUES (175, "23144", 8, 0);
INSERT INTO dinghy (id, sail_number, dinghy_class_id, version) VALUES (176, "23249", 8, 0);
INSERT INTO dinghy (id, sail_number, dinghy_class_id, version) VALUES (177, "28860", 8, 0);
INSERT INTO dinghy (id, sail_number, dinghy_class_id, version) VALUES (178, "30207", 8, 0);
INSERT INTO dinghy (id, sail_number, dinghy_class_id, version) VALUES (179, "23144", 9, 0);
INSERT INTO dinghy (id, sail_number, dinghy_class_id, version) VALUES (180, "521", 10, 0);
INSERT INTO dinghy (id, sail_number, dinghy_class_id, version) VALUES (181, "32", 11, 0);
INSERT INTO dinghy (id, sail_number, dinghy_class_id, version) VALUES (182, "43", 11, 0);
INSERT INTO dinghy (id, sail_number, dinghy_class_id, version) VALUES (183, "209", 11, 0);
INSERT INTO dinghy (id, sail_number, dinghy_class_id, version) VALUES (184, "739", 11, 0);
INSERT INTO dinghy (id, sail_number, dinghy_class_id, version) VALUES (185, "1809", 11, 0);
INSERT INTO dinghy (id, sail_number, dinghy_class_id, version) VALUES (186, "1867", 11, 0);
INSERT INTO dinghy (id, sail_number, dinghy_class_id, version) VALUES (187, "2095", 11, 0);
INSERT INTO dinghy (id, sail_number, dinghy_class_id, version) VALUES (188, "2097", 11, 0);
INSERT INTO dinghy (id, sail_number, dinghy_class_id, version) VALUES (189, "2166", 11, 0);
INSERT INTO dinghy (id, sail_number, dinghy_class_id, version) VALUES (190, "2292", 11, 0);
INSERT INTO dinghy (id, sail_number, dinghy_class_id, version) VALUES (191, "2486", 11, 0);
INSERT INTO dinghy (id, sail_number, dinghy_class_id, version) VALUES (192, "2774", 11, 0);
INSERT INTO dinghy (id, sail_number, dinghy_class_id, version) VALUES (193, "2816", 11, 0);
INSERT INTO dinghy (id, sail_number, dinghy_class_id, version) VALUES (194, "3005", 11, 0);
INSERT INTO dinghy (id, sail_number, dinghy_class_id, version) VALUES (195, "3007", 11, 0);
INSERT INTO dinghy (id, sail_number, dinghy_class_id, version) VALUES (196, "3154", 11, 0);
INSERT INTO dinghy (id, sail_number, dinghy_class_id, version) VALUES (197, "3512", 11, 0);
INSERT INTO dinghy (id, sail_number, dinghy_class_id, version) VALUES (198, "3600", 11, 0);
INSERT INTO dinghy (id, sail_number, dinghy_class_id, version) VALUES (199, "3713", 11, 0);
INSERT INTO dinghy (id, sail_number, dinghy_class_id, version) VALUES (200, "3772", 11, 0);
INSERT INTO dinghy (id, sail_number, dinghy_class_id, version) VALUES (201, "3893", 11, 0);
INSERT INTO dinghy (id, sail_number, dinghy_class_id, version) VALUES (202, "3919", 11, 0);
INSERT INTO dinghy (id, sail_number, dinghy_class_id, version) VALUES (203, "3966", 11, 0);
INSERT INTO dinghy (id, sail_number, dinghy_class_id, version) VALUES (204, "3983", 11, 0);
INSERT INTO dinghy (id, sail_number, dinghy_class_id, version) VALUES (205, "3999", 11, 0);
INSERT INTO dinghy (id, sail_number, dinghy_class_id, version) VALUES (206, "4107", 11, 0);
INSERT INTO dinghy (id, sail_number, dinghy_class_id, version) VALUES (207, "4234", 11, 0);
INSERT INTO dinghy (id, sail_number, dinghy_class_id, version) VALUES (208, "4249", 12, 0);
INSERT INTO dinghy (id, sail_number, dinghy_class_id, version) VALUES (209, "11748", 12, 0);
INSERT INTO dinghy (id, sail_number, dinghy_class_id, version) VALUES (210, "14040", 12, 0);
INSERT INTO dinghy (id, sail_number, dinghy_class_id, version) VALUES (211, "1", 13, 0);
INSERT INTO dinghy (id, sail_number, dinghy_class_id, version) VALUES (212, "88", 13, 0);
INSERT INTO dinghy (id, sail_number, dinghy_class_id, version) VALUES (213, "290", 13, 0);
INSERT INTO dinghy (id, sail_number, dinghy_class_id, version) VALUES (214, "301", 13, 0);
INSERT INTO dinghy (id, sail_number, dinghy_class_id, version) VALUES (215, "302", 13, 0);
INSERT INTO dinghy (id, sail_number, dinghy_class_id, version) VALUES (216, "2009", 13, 0);
INSERT INTO dinghy (id, sail_number, dinghy_class_id, version) VALUES (217, "2097", 13, 0);
INSERT INTO dinghy (id, sail_number, dinghy_class_id, version) VALUES (218, "2309", 13, 0);
INSERT INTO dinghy (id, sail_number, dinghy_class_id, version) VALUES (219, "2373", 13, 0);
INSERT INTO dinghy (id, sail_number, dinghy_class_id, version) VALUES (220, "2402", 13, 0);
INSERT INTO dinghy (id, sail_number, dinghy_class_id, version) VALUES (221, "2471", 13, 0);
INSERT INTO dinghy (id, sail_number, dinghy_class_id, version) VALUES (222, "2482", 13, 0);
INSERT INTO dinghy (id, sail_number, dinghy_class_id, version) VALUES (223, "2544", 13, 0);
INSERT INTO dinghy (id, sail_number, dinghy_class_id, version) VALUES (224, "2686", 13, 0);
INSERT INTO dinghy (id, sail_number, dinghy_class_id, version) VALUES (225, "2725", 13, 0);
INSERT INTO dinghy (id, sail_number, dinghy_class_id, version) VALUES (226, "2832", 13, 0);
INSERT INTO dinghy (id, sail_number, dinghy_class_id, version) VALUES (227, "2849", 13, 0);
INSERT INTO dinghy (id, sail_number, dinghy_class_id, version) VALUES (228, "2862", 13, 0);
INSERT INTO dinghy (id, sail_number, dinghy_class_id, version) VALUES (229, "2863", 13, 0);
INSERT INTO dinghy (id, sail_number, dinghy_class_id, version) VALUES (230, "2889", 13, 0);
INSERT INTO dinghy (id, sail_number, dinghy_class_id, version) VALUES (231, "2895", 13, 0);
INSERT INTO dinghy (id, sail_number, dinghy_class_id, version) VALUES (232, "2901", 13, 0);
INSERT INTO dinghy (id, sail_number, dinghy_class_id, version) VALUES (233, "2910", 13, 0);
INSERT INTO dinghy (id, sail_number, dinghy_class_id, version) VALUES (234, "2912", 13, 0);
INSERT INTO dinghy (id, sail_number, dinghy_class_id, version) VALUES (235, "2923", 13, 0);
INSERT INTO dinghy (id, sail_number, dinghy_class_id, version) VALUES (236, "2928", 13, 0);
INSERT INTO dinghy (id, sail_number, dinghy_class_id, version) VALUES (237, "2931", 13, 0);
INSERT INTO dinghy (id, sail_number, dinghy_class_id, version) VALUES (238, "2938", 13, 0);
INSERT INTO dinghy (id, sail_number, dinghy_class_id, version) VALUES (239, "2962", 13, 0);
INSERT INTO dinghy (id, sail_number, dinghy_class_id, version) VALUES (240, "2964", 13, 0);
INSERT INTO dinghy (id, sail_number, dinghy_class_id, version) VALUES (241, "2969", 13, 0);
INSERT INTO dinghy (id, sail_number, dinghy_class_id, version) VALUES (242, "2970", 13, 0);
INSERT INTO dinghy (id, sail_number, dinghy_class_id, version) VALUES (243, "2971", 13, 0);
INSERT INTO dinghy (id, sail_number, dinghy_class_id, version) VALUES (244, "2972", 13, 0);
INSERT INTO dinghy (id, sail_number, dinghy_class_id, version) VALUES (245, "2973", 13, 0);
INSERT INTO dinghy (id, sail_number, dinghy_class_id, version) VALUES (246, "2979", 13, 0);
INSERT INTO dinghy (id, sail_number, dinghy_class_id, version) VALUES (247, "2985", 13, 0);
INSERT INTO dinghy (id, sail_number, dinghy_class_id, version) VALUES (248, "2987", 13, 0);
INSERT INTO dinghy (id, sail_number, dinghy_class_id, version) VALUES (249, "3000", 13, 0);
INSERT INTO dinghy (id, sail_number, dinghy_class_id, version) VALUES (250, "3003", 13, 0);
INSERT INTO dinghy (id, sail_number, dinghy_class_id, version) VALUES (251, "3006", 13, 0);
INSERT INTO dinghy (id, sail_number, dinghy_class_id, version) VALUES (252, "3008", 13, 0);
INSERT INTO dinghy (id, sail_number, dinghy_class_id, version) VALUES (253, "3009", 13, 0);
INSERT INTO dinghy (id, sail_number, dinghy_class_id, version) VALUES (254, "3014", 13, 0);
INSERT INTO dinghy (id, sail_number, dinghy_class_id, version) VALUES (255, "3015", 13, 0);
INSERT INTO dinghy (id, sail_number, dinghy_class_id, version) VALUES (256, "3016", 13, 0);
INSERT INTO dinghy (id, sail_number, dinghy_class_id, version) VALUES (257, "3020", 13, 0);
INSERT INTO dinghy (id, sail_number, dinghy_class_id, version) VALUES (258, "3021", 13, 0);
INSERT INTO dinghy (id, sail_number, dinghy_class_id, version) VALUES (259, "3022", 13, 0);
INSERT INTO dinghy (id, sail_number, dinghy_class_id, version) VALUES (260, "3024", 13, 0);
INSERT INTO dinghy (id, sail_number, dinghy_class_id, version) VALUES (261, "3026", 13, 0);
INSERT INTO dinghy (id, sail_number, dinghy_class_id, version) VALUES (262, "3088", 13, 0);
INSERT INTO dinghy (id, sail_number, dinghy_class_id, version) VALUES (263, "2481", 14, 0);
INSERT INTO dinghy (id, sail_number, dinghy_class_id, version) VALUES (264, "2576", 14, 0);
INSERT INTO dinghy (id, sail_number, dinghy_class_id, version) VALUES (265, "2889", 14, 0);
INSERT INTO dinghy (id, sail_number, dinghy_class_id, version) VALUES (266, "2610", 15, 0);
INSERT INTO dinghy (id, sail_number, dinghy_class_id, version) VALUES (267, "7", 16, 0);
INSERT INTO dinghy (id, sail_number, dinghy_class_id, version) VALUES (268, "57", 16, 0);
INSERT INTO dinghy (id, sail_number, dinghy_class_id, version) VALUES (269, "361", 16, 0);
INSERT INTO dinghy (id, sail_number, dinghy_class_id, version) VALUES (270, "376", 16, 0);
INSERT INTO dinghy (id, sail_number, dinghy_class_id, version) VALUES (271, "1529", 16, 0);
INSERT INTO dinghy (id, sail_number, dinghy_class_id, version) VALUES (272, "2877", 16, 0);
INSERT INTO dinghy (id, sail_number, dinghy_class_id, version) VALUES (273, "3282", 16, 0);
INSERT INTO dinghy (id, sail_number, dinghy_class_id, version) VALUES (274, "5737", 16, 0);
INSERT INTO dinghy (id, sail_number, dinghy_class_id, version) VALUES (275, "6678", 16, 0);
INSERT INTO dinghy (id, sail_number, dinghy_class_id, version) VALUES (276, "6683", 16, 0);
INSERT INTO dinghy (id, sail_number, dinghy_class_id, version) VALUES (277, "7537", 16, 0);
INSERT INTO dinghy (id, sail_number, dinghy_class_id, version) VALUES (278, "8000", 16, 0);
INSERT INTO dinghy (id, sail_number, dinghy_class_id, version) VALUES (279, "8178", 16, 0);
INSERT INTO dinghy (id, sail_number, dinghy_class_id, version) VALUES (280, "8428", 16, 0);
INSERT INTO dinghy (id, sail_number, dinghy_class_id, version) VALUES (281, "8432", 16, 0);
INSERT INTO dinghy (id, sail_number, dinghy_class_id, version) VALUES (282, "8651", 16, 0);
INSERT INTO dinghy (id, sail_number, dinghy_class_id, version) VALUES (283, "8671", 16, 0);
INSERT INTO dinghy (id, sail_number, dinghy_class_id, version) VALUES (284, "9045", 16, 0);
INSERT INTO dinghy (id, sail_number, dinghy_class_id, version) VALUES (285, "9076", 16, 0);
INSERT INTO dinghy (id, sail_number, dinghy_class_id, version) VALUES (286, "9097", 16, 0);
INSERT INTO dinghy (id, sail_number, dinghy_class_id, version) VALUES (287, "9338", 16, 0);
INSERT INTO dinghy (id, sail_number, dinghy_class_id, version) VALUES (288, "9341", 16, 0);
INSERT INTO dinghy (id, sail_number, dinghy_class_id, version) VALUES (289, "9851", 16, 0);
INSERT INTO dinghy (id, sail_number, dinghy_class_id, version) VALUES (290, "9883", 16, 0);
INSERT INTO dinghy (id, sail_number, dinghy_class_id, version) VALUES (291, "10002", 16, 0);
INSERT INTO dinghy (id, sail_number, dinghy_class_id, version) VALUES (292, "10019", 16, 0);
INSERT INTO dinghy (id, sail_number, dinghy_class_id, version) VALUES (293, "10049", 16, 0);
INSERT INTO dinghy (id, sail_number, dinghy_class_id, version) VALUES (294, "10089", 16, 0);
INSERT INTO dinghy (id, sail_number, dinghy_class_id, version) VALUES (295, "10339", 16, 0);
INSERT INTO dinghy (id, sail_number, dinghy_class_id, version) VALUES (296, "10346", 16, 0);
INSERT INTO dinghy (id, sail_number, dinghy_class_id, version) VALUES (297, "10502", 16, 0);
INSERT INTO dinghy (id, sail_number, dinghy_class_id, version) VALUES (298, "10504", 16, 0);
INSERT INTO dinghy (id, sail_number, dinghy_class_id, version) VALUES (299, "16019", 16, 0);
INSERT INTO dinghy (id, sail_number, dinghy_class_id, version) VALUES (300, "17749", 16, 0);
INSERT INTO dinghy (id, sail_number, dinghy_class_id, version) VALUES (301, "7", 17, 0);
INSERT INTO dinghy (id, sail_number, dinghy_class_id, version) VALUES (302, "8651", 17, 0);
INSERT INTO dinghy (id, sail_number, dinghy_class_id, version) VALUES (303, "148", 18, 0);
INSERT INTO dinghy (id, sail_number, dinghy_class_id, version) VALUES (304, "53", 19, 0);
INSERT INTO dinghy (id, sail_number, dinghy_class_id, version) VALUES (305, "72", 19, 0);
INSERT INTO dinghy (id, sail_number, dinghy_class_id, version) VALUES (306, "99", 19, 0);
INSERT INTO dinghy (id, sail_number, dinghy_class_id, version) VALUES (307, "2507", 20, 0);
INSERT INTO dinghy (id, sail_number, dinghy_class_id, version) VALUES (308, "1", 21, 0);
INSERT INTO dinghy (id, sail_number, dinghy_class_id, version) VALUES (309, "58", 21, 0);
INSERT INTO dinghy (id, sail_number, dinghy_class_id, version) VALUES (310, "107", 21, 0);
INSERT INTO dinghy (id, sail_number, dinghy_class_id, version) VALUES (311, "182", 21, 0);
INSERT INTO dinghy (id, sail_number, dinghy_class_id, version) VALUES (312, "193", 21, 0);
INSERT INTO dinghy (id, sail_number, dinghy_class_id, version) VALUES (313, "777", 21, 0);
INSERT INTO dinghy (id, sail_number, dinghy_class_id, version) VALUES (314, "7966", 21, 0);
INSERT INTO dinghy (id, sail_number, dinghy_class_id, version) VALUES (315, "9766", 21, 0);
INSERT INTO dinghy (id, sail_number, dinghy_class_id, version) VALUES (316, "14000", 21, 0);
INSERT INTO dinghy (id, sail_number, dinghy_class_id, version) VALUES (317, "18525", 21, 0);
INSERT INTO dinghy (id, sail_number, dinghy_class_id, version) VALUES (318, "23249", 21, 0);
INSERT INTO dinghy (id, sail_number, dinghy_class_id, version) VALUES (319, "47834", 21, 0);
INSERT INTO dinghy (id, sail_number, dinghy_class_id, version) VALUES (320, "113726", 21, 0);
INSERT INTO dinghy (id, sail_number, dinghy_class_id, version) VALUES (321, "133234", 21, 0);
INSERT INTO dinghy (id, sail_number, dinghy_class_id, version) VALUES (322, "136101", 21, 0);
INSERT INTO dinghy (id, sail_number, dinghy_class_id, version) VALUES (323, "137284", 21, 0);
INSERT INTO dinghy (id, sail_number, dinghy_class_id, version) VALUES (324, "142258", 21, 0);
INSERT INTO dinghy (id, sail_number, dinghy_class_id, version) VALUES (325, "142802", 21, 0);
INSERT INTO dinghy (id, sail_number, dinghy_class_id, version) VALUES (326, "143596", 21, 0);
INSERT INTO dinghy (id, sail_number, dinghy_class_id, version) VALUES (327, "146159", 21, 0);
INSERT INTO dinghy (id, sail_number, dinghy_class_id, version) VALUES (328, "147053", 21, 0);
INSERT INTO dinghy (id, sail_number, dinghy_class_id, version) VALUES (329, "150232", 21, 0);
INSERT INTO dinghy (id, sail_number, dinghy_class_id, version) VALUES (330, "156219", 21, 0);
INSERT INTO dinghy (id, sail_number, dinghy_class_id, version) VALUES (331, "157573", 21, 0);
INSERT INTO dinghy (id, sail_number, dinghy_class_id, version) VALUES (332, "160563", 21, 0);
INSERT INTO dinghy (id, sail_number, dinghy_class_id, version) VALUES (333, "165522", 21, 0);
INSERT INTO dinghy (id, sail_number, dinghy_class_id, version) VALUES (334, "167926", 21, 0);
INSERT INTO dinghy (id, sail_number, dinghy_class_id, version) VALUES (335, "168994", 21, 0);
INSERT INTO dinghy (id, sail_number, dinghy_class_id, version) VALUES (336, "169036", 21, 0);
INSERT INTO dinghy (id, sail_number, dinghy_class_id, version) VALUES (337, "169616", 21, 0);
INSERT INTO dinghy (id, sail_number, dinghy_class_id, version) VALUES (338, "169988", 21, 0);
INSERT INTO dinghy (id, sail_number, dinghy_class_id, version) VALUES (339, "170603", 21, 0);
INSERT INTO dinghy (id, sail_number, dinghy_class_id, version) VALUES (340, "172128", 21, 0);
INSERT INTO dinghy (id, sail_number, dinghy_class_id, version) VALUES (341, "172163", 21, 0);
INSERT INTO dinghy (id, sail_number, dinghy_class_id, version) VALUES (342, "174959", 21, 0);
INSERT INTO dinghy (id, sail_number, dinghy_class_id, version) VALUES (343, "178075", 21, 0);
INSERT INTO dinghy (id, sail_number, dinghy_class_id, version) VALUES (344, "178078", 21, 0);
INSERT INTO dinghy (id, sail_number, dinghy_class_id, version) VALUES (345, "178203", 21, 0);
INSERT INTO dinghy (id, sail_number, dinghy_class_id, version) VALUES (346, "178383", 21, 0);
INSERT INTO dinghy (id, sail_number, dinghy_class_id, version) VALUES (347, "179663", 21, 0);
INSERT INTO dinghy (id, sail_number, dinghy_class_id, version) VALUES (348, "183441", 21, 0);
INSERT INTO dinghy (id, sail_number, dinghy_class_id, version) VALUES (349, "183522", 21, 0);
INSERT INTO dinghy (id, sail_number, dinghy_class_id, version) VALUES (350, "184353", 21, 0);
INSERT INTO dinghy (id, sail_number, dinghy_class_id, version) VALUES (351, "185251", 21, 0);
INSERT INTO dinghy (id, sail_number, dinghy_class_id, version) VALUES (352, "185603", 21, 0);
INSERT INTO dinghy (id, sail_number, dinghy_class_id, version) VALUES (353, "187439", 21, 0);
INSERT INTO dinghy (id, sail_number, dinghy_class_id, version) VALUES (354, "189450", 21, 0);
INSERT INTO dinghy (id, sail_number, dinghy_class_id, version) VALUES (355, "190995", 21, 0);
INSERT INTO dinghy (id, sail_number, dinghy_class_id, version) VALUES (356, "192500", 21, 0);
INSERT INTO dinghy (id, sail_number, dinghy_class_id, version) VALUES (357, "193722", 21, 0);
INSERT INTO dinghy (id, sail_number, dinghy_class_id, version) VALUES (358, "194776", 21, 0);
INSERT INTO dinghy (id, sail_number, dinghy_class_id, version) VALUES (359, "196614", 21, 0);
INSERT INTO dinghy (id, sail_number, dinghy_class_id, version) VALUES (360, "200633", 21, 0);
INSERT INTO dinghy (id, sail_number, dinghy_class_id, version) VALUES (361, "200663", 21, 0);
INSERT INTO dinghy (id, sail_number, dinghy_class_id, version) VALUES (362, "201481", 21, 0);
INSERT INTO dinghy (id, sail_number, dinghy_class_id, version) VALUES (363, "203311", 21, 0);
INSERT INTO dinghy (id, sail_number, dinghy_class_id, version) VALUES (364, "203969", 21, 0);
INSERT INTO dinghy (id, sail_number, dinghy_class_id, version) VALUES (365, "205685", 21, 0);
INSERT INTO dinghy (id, sail_number, dinghy_class_id, version) VALUES (366, "206854", 21, 0);
INSERT INTO dinghy (id, sail_number, dinghy_class_id, version) VALUES (367, "208509", 21, 0);
INSERT INTO dinghy (id, sail_number, dinghy_class_id, version) VALUES (368, "210778", 21, 0);
INSERT INTO dinghy (id, sail_number, dinghy_class_id, version) VALUES (369, "210779", 21, 0);
INSERT INTO dinghy (id, sail_number, dinghy_class_id, version) VALUES (370, "213719", 21, 0);
INSERT INTO dinghy (id, sail_number, dinghy_class_id, version) VALUES (371, "213772", 21, 0);
INSERT INTO dinghy (id, sail_number, dinghy_class_id, version) VALUES (372, "213774", 21, 0);
INSERT INTO dinghy (id, sail_number, dinghy_class_id, version) VALUES (373, "216616", 21, 0);
INSERT INTO dinghy (id, sail_number, dinghy_class_id, version) VALUES (374, "218252", 21, 0);
INSERT INTO dinghy (id, sail_number, dinghy_class_id, version) VALUES (375, "218253", 21, 0);
INSERT INTO dinghy (id, sail_number, dinghy_class_id, version) VALUES (376, "218525", 21, 0);
INSERT INTO dinghy (id, sail_number, dinghy_class_id, version) VALUES (377, "1778078", 21, 0);
INSERT INTO dinghy (id, sail_number, dinghy_class_id, version) VALUES (378, "118", 22, 0);
INSERT INTO dinghy (id, sail_number, dinghy_class_id, version) VALUES (379, "128", 22, 0);
INSERT INTO dinghy (id, sail_number, dinghy_class_id, version) VALUES (380, "170", 22, 0);
INSERT INTO dinghy (id, sail_number, dinghy_class_id, version) VALUES (381, "204", 22, 0);
INSERT INTO dinghy (id, sail_number, dinghy_class_id, version) VALUES (382, "210", 22, 0);
INSERT INTO dinghy (id, sail_number, dinghy_class_id, version) VALUES (383, "326", 22, 0);
INSERT INTO dinghy (id, sail_number, dinghy_class_id, version) VALUES (384, "528", 22, 0);
INSERT INTO dinghy (id, sail_number, dinghy_class_id, version) VALUES (385, "531", 22, 0);
INSERT INTO dinghy (id, sail_number, dinghy_class_id, version) VALUES (386, "689", 22, 0);
INSERT INTO dinghy (id, sail_number, dinghy_class_id, version) VALUES (387, "969", 22, 0);
INSERT INTO dinghy (id, sail_number, dinghy_class_id, version) VALUES (388, "66", 23, 0);
INSERT INTO dinghy (id, sail_number, dinghy_class_id, version) VALUES (389, "67", 23, 0);
INSERT INTO dinghy (id, sail_number, dinghy_class_id, version) VALUES (390, "1", 24, 0);
INSERT INTO dinghy (id, sail_number, dinghy_class_id, version) VALUES (391, "2", 24, 0);
INSERT INTO dinghy (id, sail_number, dinghy_class_id, version) VALUES (392, "3", 24, 0);
INSERT INTO dinghy (id, sail_number, dinghy_class_id, version) VALUES (393, "99", 24, 0);
INSERT INTO dinghy (id, sail_number, dinghy_class_id, version) VALUES (394, "101", 24, 0);
INSERT INTO dinghy (id, sail_number, dinghy_class_id, version) VALUES (395, "171", 24, 0);
INSERT INTO dinghy (id, sail_number, dinghy_class_id, version) VALUES (396, "182", 24, 0);
INSERT INTO dinghy (id, sail_number, dinghy_class_id, version) VALUES (397, "193", 24, 0);
INSERT INTO dinghy (id, sail_number, dinghy_class_id, version) VALUES (398, "2222", 24, 0);
INSERT INTO dinghy (id, sail_number, dinghy_class_id, version) VALUES (399, "123546", 24, 0);
INSERT INTO dinghy (id, sail_number, dinghy_class_id, version) VALUES (400, "133369", 24, 0);
INSERT INTO dinghy (id, sail_number, dinghy_class_id, version) VALUES (401, "151638", 24, 0);
INSERT INTO dinghy (id, sail_number, dinghy_class_id, version) VALUES (402, "165522", 24, 0);
INSERT INTO dinghy (id, sail_number, dinghy_class_id, version) VALUES (403, "170603", 24, 0);
INSERT INTO dinghy (id, sail_number, dinghy_class_id, version) VALUES (404, "174959", 24, 0);
INSERT INTO dinghy (id, sail_number, dinghy_class_id, version) VALUES (405, "176657", 24, 0);
INSERT INTO dinghy (id, sail_number, dinghy_class_id, version) VALUES (406, "177558", 24, 0);
INSERT INTO dinghy (id, sail_number, dinghy_class_id, version) VALUES (407, "178203", 24, 0);
INSERT INTO dinghy (id, sail_number, dinghy_class_id, version) VALUES (408, "190725", 24, 0);
INSERT INTO dinghy (id, sail_number, dinghy_class_id, version) VALUES (409, "194752", 24, 0);
INSERT INTO dinghy (id, sail_number, dinghy_class_id, version) VALUES (410, "198903", 24, 0);
INSERT INTO dinghy (id, sail_number, dinghy_class_id, version) VALUES (411, "203969", 24, 0);
INSERT INTO dinghy (id, sail_number, dinghy_class_id, version) VALUES (412, "211097", 24, 0);
INSERT INTO dinghy (id, sail_number, dinghy_class_id, version) VALUES (413, "216616", 24, 0);
INSERT INTO dinghy (id, sail_number, dinghy_class_id, version) VALUES (414, "3", 25, 0);
INSERT INTO dinghy (id, sail_number, dinghy_class_id, version) VALUES (415, "1234", 26, 0);
INSERT INTO dinghy (id, sail_number, dinghy_class_id, version) VALUES (416, "2", 27, 0);
INSERT INTO dinghy (id, sail_number, dinghy_class_id, version) VALUES (417, "10", 27, 0);
INSERT INTO dinghy (id, sail_number, dinghy_class_id, version) VALUES (418, "102", 27, 0);
INSERT INTO dinghy (id, sail_number, dinghy_class_id, version) VALUES (419, "123", 27, 0);
INSERT INTO dinghy (id, sail_number, dinghy_class_id, version) VALUES (420, "44521", 27, 0);
INSERT INTO dinghy (id, sail_number, dinghy_class_id, version) VALUES (421, "80987", 27, 0);
INSERT INTO dinghy (id, sail_number, dinghy_class_id, version) VALUES (422, "112147", 27, 0);
INSERT INTO dinghy (id, sail_number, dinghy_class_id, version) VALUES (423, "125722", 27, 0);
INSERT INTO dinghy (id, sail_number, dinghy_class_id, version) VALUES (424, "133369", 27, 0);
INSERT INTO dinghy (id, sail_number, dinghy_class_id, version) VALUES (425, "137284", 27, 0);
INSERT INTO dinghy (id, sail_number, dinghy_class_id, version) VALUES (426, "143596", 27, 0);
INSERT INTO dinghy (id, sail_number, dinghy_class_id, version) VALUES (427, "144276", 27, 0);
INSERT INTO dinghy (id, sail_number, dinghy_class_id, version) VALUES (428, "150232", 27, 0);
INSERT INTO dinghy (id, sail_number, dinghy_class_id, version) VALUES (429, "158096", 27, 0);
INSERT INTO dinghy (id, sail_number, dinghy_class_id, version) VALUES (430, "160563", 27, 0);
INSERT INTO dinghy (id, sail_number, dinghy_class_id, version) VALUES (431, "161572", 27, 0);
INSERT INTO dinghy (id, sail_number, dinghy_class_id, version) VALUES (432, "164635", 27, 0);
INSERT INTO dinghy (id, sail_number, dinghy_class_id, version) VALUES (433, "165522", 27, 0);
INSERT INTO dinghy (id, sail_number, dinghy_class_id, version) VALUES (434, "168994", 27, 0);
INSERT INTO dinghy (id, sail_number, dinghy_class_id, version) VALUES (435, "169036", 27, 0);
INSERT INTO dinghy (id, sail_number, dinghy_class_id, version) VALUES (436, "169988", 27, 0);
INSERT INTO dinghy (id, sail_number, dinghy_class_id, version) VALUES (437, "170431", 27, 0);
INSERT INTO dinghy (id, sail_number, dinghy_class_id, version) VALUES (438, "170494", 27, 0);
INSERT INTO dinghy (id, sail_number, dinghy_class_id, version) VALUES (439, "170603", 27, 0);
INSERT INTO dinghy (id, sail_number, dinghy_class_id, version) VALUES (440, "174688", 27, 0);
INSERT INTO dinghy (id, sail_number, dinghy_class_id, version) VALUES (441, "174959", 27, 0);
INSERT INTO dinghy (id, sail_number, dinghy_class_id, version) VALUES (442, "177558", 27, 0);
INSERT INTO dinghy (id, sail_number, dinghy_class_id, version) VALUES (443, "178078", 27, 0);
INSERT INTO dinghy (id, sail_number, dinghy_class_id, version) VALUES (444, "178203", 27, 0);
INSERT INTO dinghy (id, sail_number, dinghy_class_id, version) VALUES (445, "179663", 27, 0);
INSERT INTO dinghy (id, sail_number, dinghy_class_id, version) VALUES (446, "181368", 27, 0);
INSERT INTO dinghy (id, sail_number, dinghy_class_id, version) VALUES (447, "183441", 27, 0);
INSERT INTO dinghy (id, sail_number, dinghy_class_id, version) VALUES (448, "183522", 27, 0);
INSERT INTO dinghy (id, sail_number, dinghy_class_id, version) VALUES (449, "185251", 27, 0);
INSERT INTO dinghy (id, sail_number, dinghy_class_id, version) VALUES (450, "189450", 27, 0);
INSERT INTO dinghy (id, sail_number, dinghy_class_id, version) VALUES (451, "193028", 27, 0);
INSERT INTO dinghy (id, sail_number, dinghy_class_id, version) VALUES (452, "194776", 27, 0);
INSERT INTO dinghy (id, sail_number, dinghy_class_id, version) VALUES (453, "196614", 27, 0);
INSERT INTO dinghy (id, sail_number, dinghy_class_id, version) VALUES (454, "201084", 27, 0);
INSERT INTO dinghy (id, sail_number, dinghy_class_id, version) VALUES (455, "203311", 27, 0);
INSERT INTO dinghy (id, sail_number, dinghy_class_id, version) VALUES (456, "203969", 27, 0);
INSERT INTO dinghy (id, sail_number, dinghy_class_id, version) VALUES (457, "207704", 27, 0);
INSERT INTO dinghy (id, sail_number, dinghy_class_id, version) VALUES (458, "208509", 27, 0);
INSERT INTO dinghy (id, sail_number, dinghy_class_id, version) VALUES (459, "208519", 27, 0);
INSERT INTO dinghy (id, sail_number, dinghy_class_id, version) VALUES (460, "210779", 27, 0);
INSERT INTO dinghy (id, sail_number, dinghy_class_id, version) VALUES (461, "212783", 27, 0);
INSERT INTO dinghy (id, sail_number, dinghy_class_id, version) VALUES (462, "213772", 27, 0);
INSERT INTO dinghy (id, sail_number, dinghy_class_id, version) VALUES (463, "215379", 27, 0);
INSERT INTO dinghy (id, sail_number, dinghy_class_id, version) VALUES (464, "216236", 27, 0);
INSERT INTO dinghy (id, sail_number, dinghy_class_id, version) VALUES (465, "216616", 27, 0);
INSERT INTO dinghy (id, sail_number, dinghy_class_id, version) VALUES (466, "218253", 27, 0);
INSERT INTO dinghy (id, sail_number, dinghy_class_id, version) VALUES (467, "218261", 27, 0);
INSERT INTO dinghy (id, sail_number, dinghy_class_id, version) VALUES (468, "218525", 27, 0);
INSERT INTO dinghy (id, sail_number, dinghy_class_id, version) VALUES (469, "544", 28, 0);
INSERT INTO dinghy (id, sail_number, dinghy_class_id, version) VALUES (470, "14", 29, 0);
INSERT INTO dinghy (id, sail_number, dinghy_class_id, version) VALUES (471, "1301", 29, 0);
INSERT INTO dinghy (id, sail_number, dinghy_class_id, version) VALUES (472, "3950", 29, 0);
INSERT INTO dinghy (id, sail_number, dinghy_class_id, version) VALUES (473, "5085", 29, 0);
INSERT INTO dinghy (id, sail_number, dinghy_class_id, version) VALUES (474, "5985", 29, 0);
INSERT INTO dinghy (id, sail_number, dinghy_class_id, version) VALUES (475, "6989", 29, 0);
INSERT INTO dinghy (id, sail_number, dinghy_class_id, version) VALUES (476, "8959", 29, 0);
INSERT INTO dinghy (id, sail_number, dinghy_class_id, version) VALUES (477, "12068", 29, 0);
INSERT INTO dinghy (id, sail_number, dinghy_class_id, version) VALUES (478, "21045", 29, 0);
INSERT INTO dinghy (id, sail_number, dinghy_class_id, version) VALUES (479, "24943", 29, 0);
INSERT INTO dinghy (id, sail_number, dinghy_class_id, version) VALUES (480, "25108", 29, 0);
INSERT INTO dinghy (id, sail_number, dinghy_class_id, version) VALUES (481, "30357", 29, 0);
INSERT INTO dinghy (id, sail_number, dinghy_class_id, version) VALUES (482, "32443", 29, 0);
INSERT INTO dinghy (id, sail_number, dinghy_class_id, version) VALUES (483, "38202", 29, 0);
INSERT INTO dinghy (id, sail_number, dinghy_class_id, version) VALUES (484, "39508", 29, 0);
INSERT INTO dinghy (id, sail_number, dinghy_class_id, version) VALUES (485, "39757", 29, 0);
INSERT INTO dinghy (id, sail_number, dinghy_class_id, version) VALUES (486, "39949", 29, 0);
INSERT INTO dinghy (id, sail_number, dinghy_class_id, version) VALUES (487, "43034", 29, 0);
INSERT INTO dinghy (id, sail_number, dinghy_class_id, version) VALUES (488, "43345", 29, 0);
INSERT INTO dinghy (id, sail_number, dinghy_class_id, version) VALUES (489, "43452", 29, 0);
INSERT INTO dinghy (id, sail_number, dinghy_class_id, version) VALUES (490, "44372", 29, 0);
INSERT INTO dinghy (id, sail_number, dinghy_class_id, version) VALUES (491, "51010", 29, 0);
INSERT INTO dinghy (id, sail_number, dinghy_class_id, version) VALUES (492, "52547", 29, 0);
INSERT INTO dinghy (id, sail_number, dinghy_class_id, version) VALUES (493, "52649", 29, 0);
INSERT INTO dinghy (id, sail_number, dinghy_class_id, version) VALUES (494, "52878", 29, 0);
INSERT INTO dinghy (id, sail_number, dinghy_class_id, version) VALUES (495, "54192", 29, 0);
INSERT INTO dinghy (id, sail_number, dinghy_class_id, version) VALUES (496, "55937", 29, 0);
INSERT INTO dinghy (id, sail_number, dinghy_class_id, version) VALUES (497, "58454", 29, 0);
INSERT INTO dinghy (id, sail_number, dinghy_class_id, version) VALUES (498, "58507", 29, 0);
INSERT INTO dinghy (id, sail_number, dinghy_class_id, version) VALUES (499, "59236", 29, 0);
INSERT INTO dinghy (id, sail_number, dinghy_class_id, version) VALUES (500, "59736", 29, 0);
INSERT INTO dinghy (id, sail_number, dinghy_class_id, version) VALUES (501, "60754", 29, 0);
INSERT INTO dinghy (id, sail_number, dinghy_class_id, version) VALUES (502, "61139", 29, 0);
INSERT INTO dinghy (id, sail_number, dinghy_class_id, version) VALUES (503, "61827", 29, 0);
INSERT INTO dinghy (id, sail_number, dinghy_class_id, version) VALUES (504, "62954", 29, 0);
INSERT INTO dinghy (id, sail_number, dinghy_class_id, version) VALUES (505, "62958", 29, 0);
INSERT INTO dinghy (id, sail_number, dinghy_class_id, version) VALUES (506, "64385", 29, 0);
INSERT INTO dinghy (id, sail_number, dinghy_class_id, version) VALUES (507, "67304", 29, 0);
INSERT INTO dinghy (id, sail_number, dinghy_class_id, version) VALUES (508, "67507", 29, 0);
INSERT INTO dinghy (id, sail_number, dinghy_class_id, version) VALUES (509, "67675", 29, 0);
INSERT INTO dinghy (id, sail_number, dinghy_class_id, version) VALUES (510, "67929", 29, 0);
INSERT INTO dinghy (id, sail_number, dinghy_class_id, version) VALUES (511, "68070", 29, 0);
INSERT INTO dinghy (id, sail_number, dinghy_class_id, version) VALUES (512, "68331", 29, 0);
INSERT INTO dinghy (id, sail_number, dinghy_class_id, version) VALUES (513, "68827", 29, 0);
INSERT INTO dinghy (id, sail_number, dinghy_class_id, version) VALUES (514, "68831", 29, 0);
INSERT INTO dinghy (id, sail_number, dinghy_class_id, version) VALUES (515, "68960", 29, 0);
INSERT INTO dinghy (id, sail_number, dinghy_class_id, version) VALUES (516, "68996", 29, 0);
INSERT INTO dinghy (id, sail_number, dinghy_class_id, version) VALUES (517, "69139", 29, 0);
INSERT INTO dinghy (id, sail_number, dinghy_class_id, version) VALUES (518, "69254", 29, 0);
INSERT INTO dinghy (id, sail_number, dinghy_class_id, version) VALUES (519, "69420", 29, 0);
INSERT INTO dinghy (id, sail_number, dinghy_class_id, version) VALUES (520, "69421", 29, 0);
INSERT INTO dinghy (id, sail_number, dinghy_class_id, version) VALUES (521, "69891", 29, 0);
INSERT INTO dinghy (id, sail_number, dinghy_class_id, version) VALUES (522, "70055", 29, 0);
INSERT INTO dinghy (id, sail_number, dinghy_class_id, version) VALUES (523, "70163", 29, 0);
INSERT INTO dinghy (id, sail_number, dinghy_class_id, version) VALUES (524, "70222", 29, 0);
INSERT INTO dinghy (id, sail_number, dinghy_class_id, version) VALUES (525, "70348", 29, 0);
INSERT INTO dinghy (id, sail_number, dinghy_class_id, version) VALUES (526, "70682", 29, 0);
INSERT INTO dinghy (id, sail_number, dinghy_class_id, version) VALUES (527, "3280", 30, 0);
INSERT INTO dinghy (id, sail_number, dinghy_class_id, version) VALUES (528, "1", 31, 0);
INSERT INTO dinghy (id, sail_number, dinghy_class_id, version) VALUES (529, "2", 31, 0);
INSERT INTO dinghy (id, sail_number, dinghy_class_id, version) VALUES (530, "3", 31, 0);
INSERT INTO dinghy (id, sail_number, dinghy_class_id, version) VALUES (531, "6", 31, 0);
INSERT INTO dinghy (id, sail_number, dinghy_class_id, version) VALUES (532, "7", 31, 0);
INSERT INTO dinghy (id, sail_number, dinghy_class_id, version) VALUES (533, "34", 31, 0);
INSERT INTO dinghy (id, sail_number, dinghy_class_id, version) VALUES (534, "38", 31, 0);
INSERT INTO dinghy (id, sail_number, dinghy_class_id, version) VALUES (535, "703", 31, 0);
INSERT INTO dinghy (id, sail_number, dinghy_class_id, version) VALUES (536, "1805", 31, 0);
INSERT INTO dinghy (id, sail_number, dinghy_class_id, version) VALUES (537, "2326", 31, 0);
INSERT INTO dinghy (id, sail_number, dinghy_class_id, version) VALUES (538, "2556", 31, 0);
INSERT INTO dinghy (id, sail_number, dinghy_class_id, version) VALUES (539, "2990", 31, 0);
INSERT INTO dinghy (id, sail_number, dinghy_class_id, version) VALUES (540, "3942", 31, 0);
INSERT INTO dinghy (id, sail_number, dinghy_class_id, version) VALUES (541, "4025", 31, 0);
INSERT INTO dinghy (id, sail_number, dinghy_class_id, version) VALUES (542, "4042", 31, 0);
INSERT INTO dinghy (id, sail_number, dinghy_class_id, version) VALUES (543, "4070", 31, 0);
INSERT INTO dinghy (id, sail_number, dinghy_class_id, version) VALUES (544, "4326", 31, 0);
INSERT INTO dinghy (id, sail_number, dinghy_class_id, version) VALUES (545, "4533", 31, 0);
INSERT INTO dinghy (id, sail_number, dinghy_class_id, version) VALUES (546, "4535", 31, 0);
INSERT INTO dinghy (id, sail_number, dinghy_class_id, version) VALUES (547, "4717", 31, 0);
INSERT INTO dinghy (id, sail_number, dinghy_class_id, version) VALUES (548, "4912", 31, 0);
INSERT INTO dinghy (id, sail_number, dinghy_class_id, version) VALUES (549, "4939", 31, 0);
INSERT INTO dinghy (id, sail_number, dinghy_class_id, version) VALUES (550, "5009", 31, 0);
INSERT INTO dinghy (id, sail_number, dinghy_class_id, version) VALUES (551, "5011", 31, 0);
INSERT INTO dinghy (id, sail_number, dinghy_class_id, version) VALUES (552, "5018", 31, 0);
INSERT INTO dinghy (id, sail_number, dinghy_class_id, version) VALUES (553, "5054", 31, 0);
INSERT INTO dinghy (id, sail_number, dinghy_class_id, version) VALUES (554, "5131", 31, 0);
INSERT INTO dinghy (id, sail_number, dinghy_class_id, version) VALUES (555, "5136", 31, 0);
INSERT INTO dinghy (id, sail_number, dinghy_class_id, version) VALUES (556, "5195", 31, 0);
INSERT INTO dinghy (id, sail_number, dinghy_class_id, version) VALUES (557, "5498", 31, 0);
INSERT INTO dinghy (id, sail_number, dinghy_class_id, version) VALUES (558, "5558", 31, 0);
INSERT INTO dinghy (id, sail_number, dinghy_class_id, version) VALUES (559, "5568", 31, 0);
INSERT INTO dinghy (id, sail_number, dinghy_class_id, version) VALUES (560, "5624", 31, 0);
INSERT INTO dinghy (id, sail_number, dinghy_class_id, version) VALUES (561, "5705", 31, 0);
INSERT INTO dinghy (id, sail_number, dinghy_class_id, version) VALUES (562, "5727", 31, 0);
INSERT INTO dinghy (id, sail_number, dinghy_class_id, version) VALUES (563, "5740", 31, 0);
INSERT INTO dinghy (id, sail_number, dinghy_class_id, version) VALUES (564, "5784", 31, 0);
INSERT INTO dinghy (id, sail_number, dinghy_class_id, version) VALUES (565, "5804", 31, 0);
INSERT INTO dinghy (id, sail_number, dinghy_class_id, version) VALUES (566, "5831", 31, 0);
INSERT INTO dinghy (id, sail_number, dinghy_class_id, version) VALUES (567, "5839", 31, 0);
INSERT INTO dinghy (id, sail_number, dinghy_class_id, version) VALUES (568, "6058", 31, 0);
INSERT INTO dinghy (id, sail_number, dinghy_class_id, version) VALUES (569, "6113", 31, 0);
INSERT INTO dinghy (id, sail_number, dinghy_class_id, version) VALUES (570, "6189", 31, 0);
INSERT INTO dinghy (id, sail_number, dinghy_class_id, version) VALUES (571, "6278", 31, 0);
INSERT INTO dinghy (id, sail_number, dinghy_class_id, version) VALUES (572, "6309", 31, 0);
INSERT INTO dinghy (id, sail_number, dinghy_class_id, version) VALUES (573, "6349", 31, 0);
INSERT INTO dinghy (id, sail_number, dinghy_class_id, version) VALUES (574, "6459", 31, 0);
INSERT INTO dinghy (id, sail_number, dinghy_class_id, version) VALUES (575, "37493", 31, 0);
INSERT INTO dinghy (id, sail_number, dinghy_class_id, version) VALUES (576, "51951", 31, 0);
INSERT INTO dinghy (id, sail_number, dinghy_class_id, version) VALUES (577, "49", 32, 0);
INSERT INTO dinghy (id, sail_number, dinghy_class_id, version) VALUES (578, "1298", 32, 0);
INSERT INTO dinghy (id, sail_number, dinghy_class_id, version) VALUES (579, "1843", 32, 0);
INSERT INTO dinghy (id, sail_number, dinghy_class_id, version) VALUES (580, "1057", 33, 0);
INSERT INTO dinghy (id, sail_number, dinghy_class_id, version) VALUES (581, "1116", 33, 0);
INSERT INTO dinghy (id, sail_number, dinghy_class_id, version) VALUES (582, "1153", 33, 0);
INSERT INTO dinghy (id, sail_number, dinghy_class_id, version) VALUES (583, "1241", 33, 0);
INSERT INTO dinghy (id, sail_number, dinghy_class_id, version) VALUES (584, "1429", 33, 0);
INSERT INTO dinghy (id, sail_number, dinghy_class_id, version) VALUES (585, "5573", 33, 0);
INSERT INTO dinghy (id, sail_number, dinghy_class_id, version) VALUES (586, "5773", 33, 0);
INSERT INTO dinghy (id, sail_number, dinghy_class_id, version) VALUES (587, "17", 34, 0);
INSERT INTO dinghy (id, sail_number, dinghy_class_id, version) VALUES (588, "178", 34, 0);
INSERT INTO dinghy (id, sail_number, dinghy_class_id, version) VALUES (589, "212", 35, 0);
INSERT INTO dinghy (id, sail_number, dinghy_class_id, version) VALUES (590, "2127", 36, 0);
INSERT INTO dinghy (id, sail_number, dinghy_class_id, version) VALUES (591, "1452", 37, 0);
INSERT INTO dinghy (id, sail_number, dinghy_class_id, version) VALUES (592, "2251", 37, 0);
INSERT INTO dinghy (id, sail_number, dinghy_class_id, version) VALUES (593, "2383", 37, 0);
INSERT INTO dinghy (id, sail_number, dinghy_class_id, version) VALUES (594, "3697", 37, 0);
INSERT INTO dinghy (id, sail_number, dinghy_class_id, version) VALUES (595, "3974", 37, 0);
INSERT INTO dinghy (id, sail_number, dinghy_class_id, version) VALUES (596, "294", 38, 0);
INSERT INTO dinghy (id, sail_number, dinghy_class_id, version) VALUES (597, "327", 38, 0);
INSERT INTO dinghy (id, sail_number, dinghy_class_id, version) VALUES (598, "1530", 38, 0);
INSERT INTO dinghy (id, sail_number, dinghy_class_id, version) VALUES (599, "1", 39, 0);
INSERT INTO dinghy (id, sail_number, dinghy_class_id, version) VALUES (600, "500", 40, 0);
INSERT INTO dinghy (id, sail_number, dinghy_class_id, version) VALUES (601, "299", 41, 0);
INSERT INTO dinghy (id, sail_number, dinghy_class_id, version) VALUES (602, "306", 41, 0);
INSERT INTO dinghy (id, sail_number, dinghy_class_id, version) VALUES (603, "380", 42, 0);
INSERT INTO dinghy (id, sail_number, dinghy_class_id, version) VALUES (604, "1009", 42, 0);
INSERT INTO dinghy (id, sail_number, dinghy_class_id, version) VALUES (605, "1331", 42, 0);
INSERT INTO dinghy (id, sail_number, dinghy_class_id, version) VALUES (606, "19", 43, 0);
INSERT INTO dinghy (id, sail_number, dinghy_class_id, version) VALUES (607, "921", 43, 0);
INSERT INTO dinghy (id, sail_number, dinghy_class_id, version) VALUES (608, "927", 43, 0);
INSERT INTO dinghy (id, sail_number, dinghy_class_id, version) VALUES (609, "1685", 43, 0);
INSERT INTO dinghy (id, sail_number, dinghy_class_id, version) VALUES (610, "1921", 43, 0);
INSERT INTO dinghy (id, sail_number, dinghy_class_id, version) VALUES (611, "1937", 43, 0);
INSERT INTO dinghy (id, sail_number, dinghy_class_id, version) VALUES (612, "1957", 43, 0);
INSERT INTO dinghy (id, sail_number, dinghy_class_id, version) VALUES (613, "2003", 43, 0);
INSERT INTO dinghy (id, sail_number, dinghy_class_id, version) VALUES (614, "2008", 43, 0);
INSERT INTO dinghy (id, sail_number, dinghy_class_id, version) VALUES (615, "2010", 43, 0);
INSERT INTO dinghy (id, sail_number, dinghy_class_id, version) VALUES (616, "2019", 43, 0);
INSERT INTO dinghy (id, sail_number, dinghy_class_id, version) VALUES (617, "66", 44, 0);
INSERT INTO dinghy (id, sail_number, dinghy_class_id, version) VALUES (618, "376", 44, 0);
INSERT INTO dinghy (id, sail_number, dinghy_class_id, version) VALUES (619, "442", 44, 0);
INSERT INTO dinghy (id, sail_number, dinghy_class_id, version) VALUES (620, "515", 44, 0);
INSERT INTO dinghy (id, sail_number, dinghy_class_id, version) VALUES (621, "736", 44, 0);
INSERT INTO dinghy (id, sail_number, dinghy_class_id, version) VALUES (622, "1432", 44, 0);
INSERT INTO dinghy (id, sail_number, dinghy_class_id, version) VALUES (623, "1473", 44, 0);
INSERT INTO dinghy (id, sail_number, dinghy_class_id, version) VALUES (624, "1782", 44, 0);
INSERT INTO dinghy (id, sail_number, dinghy_class_id, version) VALUES (625, "2153", 44, 0);
INSERT INTO dinghy (id, sail_number, dinghy_class_id, version) VALUES (626, "2413", 44, 0);
INSERT INTO dinghy (id, sail_number, dinghy_class_id, version) VALUES (627, "2416", 44, 0);
INSERT INTO dinghy (id, sail_number, dinghy_class_id, version) VALUES (628, "3061", 44, 0);
INSERT INTO dinghy (id, sail_number, dinghy_class_id, version) VALUES (629, "3340", 44, 0);
INSERT INTO dinghy (id, sail_number, dinghy_class_id, version) VALUES (630, "3520", 44, 0);
INSERT INTO dinghy (id, sail_number, dinghy_class_id, version) VALUES (631, "3596", 44, 0);
INSERT INTO dinghy (id, sail_number, dinghy_class_id, version) VALUES (632, "3786", 44, 0);
INSERT INTO dinghy (id, sail_number, dinghy_class_id, version) VALUES (633, "3977", 44, 0);
INSERT INTO dinghy (id, sail_number, dinghy_class_id, version) VALUES (634, "4318", 44, 0);
INSERT INTO dinghy (id, sail_number, dinghy_class_id, version) VALUES (635, "4372", 44, 0);
INSERT INTO dinghy (id, sail_number, dinghy_class_id, version) VALUES (636, "4376", 44, 0);
INSERT INTO dinghy (id, sail_number, dinghy_class_id, version) VALUES (637, "4428", 44, 0);
INSERT INTO dinghy (id, sail_number, dinghy_class_id, version) VALUES (638, "4442", 44, 0);
INSERT INTO dinghy (id, sail_number, dinghy_class_id, version) VALUES (639, "4448", 44, 0);
INSERT INTO dinghy (id, sail_number, dinghy_class_id, version) VALUES (640, "4562", 44, 0);
INSERT INTO dinghy (id, sail_number, dinghy_class_id, version) VALUES (641, "4573", 44, 0);
INSERT INTO dinghy (id, sail_number, dinghy_class_id, version) VALUES (642, "4660", 44, 0);
INSERT INTO dinghy (id, sail_number, dinghy_class_id, version) VALUES (643, "4670", 44, 0);
INSERT INTO dinghy (id, sail_number, dinghy_class_id, version) VALUES (644, "4688", 44, 0);
INSERT INTO dinghy (id, sail_number, dinghy_class_id, version) VALUES (645, "4690", 44, 0);
INSERT INTO dinghy (id, sail_number, dinghy_class_id, version) VALUES (646, "4801", 44, 0);
INSERT INTO dinghy (id, sail_number, dinghy_class_id, version) VALUES (647, "4853", 44, 0);
INSERT INTO dinghy (id, sail_number, dinghy_class_id, version) VALUES (648, "4871", 44, 0);
INSERT INTO dinghy (id, sail_number, dinghy_class_id, version) VALUES (649, "4884", 44, 0);
INSERT INTO dinghy (id, sail_number, dinghy_class_id, version) VALUES (650, "4889", 44, 0);
INSERT INTO dinghy (id, sail_number, dinghy_class_id, version) VALUES (651, "4960", 44, 0);
INSERT INTO dinghy (id, sail_number, dinghy_class_id, version) VALUES (652, "4986", 44, 0);
INSERT INTO dinghy (id, sail_number, dinghy_class_id, version) VALUES (653, "5002", 44, 0);
INSERT INTO dinghy (id, sail_number, dinghy_class_id, version) VALUES (654, "5045", 44, 0);
INSERT INTO dinghy (id, sail_number, dinghy_class_id, version) VALUES (655, "5147", 44, 0);
INSERT INTO dinghy (id, sail_number, dinghy_class_id, version) VALUES (656, "5152", 44, 0);
INSERT INTO dinghy (id, sail_number, dinghy_class_id, version) VALUES (657, "5167", 44, 0);
INSERT INTO dinghy (id, sail_number, dinghy_class_id, version) VALUES (658, "5200", 44, 0);
INSERT INTO dinghy (id, sail_number, dinghy_class_id, version) VALUES (659, "5229", 44, 0);
INSERT INTO dinghy (id, sail_number, dinghy_class_id, version) VALUES (660, "5230", 44, 0);
INSERT INTO dinghy (id, sail_number, dinghy_class_id, version) VALUES (661, "5238", 44, 0);
INSERT INTO dinghy (id, sail_number, dinghy_class_id, version) VALUES (662, "5264", 44, 0);
INSERT INTO dinghy (id, sail_number, dinghy_class_id, version) VALUES (663, "5265", 44, 0);
INSERT INTO dinghy (id, sail_number, dinghy_class_id, version) VALUES (664, "5276", 44, 0);
INSERT INTO dinghy (id, sail_number, dinghy_class_id, version) VALUES (665, "5284", 44, 0);
INSERT INTO dinghy (id, sail_number, dinghy_class_id, version) VALUES (666, "5328", 44, 0);
INSERT INTO dinghy (id, sail_number, dinghy_class_id, version) VALUES (667, "5357", 44, 0);
INSERT INTO dinghy (id, sail_number, dinghy_class_id, version) VALUES (668, "5375", 44, 0);
INSERT INTO dinghy (id, sail_number, dinghy_class_id, version) VALUES (669, "5385", 44, 0);
INSERT INTO dinghy (id, sail_number, dinghy_class_id, version) VALUES (670, "5465", 44, 0);
INSERT INTO dinghy (id, sail_number, dinghy_class_id, version) VALUES (671, "5500", 44, 0);
INSERT INTO dinghy (id, sail_number, dinghy_class_id, version) VALUES (672, "5501", 44, 0);
INSERT INTO dinghy (id, sail_number, dinghy_class_id, version) VALUES (673, "5543", 44, 0);
INSERT INTO dinghy (id, sail_number, dinghy_class_id, version) VALUES (674, "5572", 44, 0);
INSERT INTO dinghy (id, sail_number, dinghy_class_id, version) VALUES (675, "5593", 44, 0);
INSERT INTO dinghy (id, sail_number, dinghy_class_id, version) VALUES (676, "5595", 44, 0);
INSERT INTO dinghy (id, sail_number, dinghy_class_id, version) VALUES (677, "5619", 44, 0);
INSERT INTO dinghy (id, sail_number, dinghy_class_id, version) VALUES (678, "5625", 44, 0);
INSERT INTO dinghy (id, sail_number, dinghy_class_id, version) VALUES (679, "5760", 44, 0);
INSERT INTO dinghy (id, sail_number, dinghy_class_id, version) VALUES (680, "5770", 44, 0);
INSERT INTO dinghy (id, sail_number, dinghy_class_id, version) VALUES (681, "5939", 44, 0);
INSERT INTO dinghy (id, sail_number, dinghy_class_id, version) VALUES (682, "5940", 44, 0);
INSERT INTO dinghy (id, sail_number, dinghy_class_id, version) VALUES (683, "6264", 44, 0);
INSERT INTO dinghy (id, sail_number, dinghy_class_id, version) VALUES (684, "1709", 45, 0);
INSERT INTO dinghy (id, sail_number, dinghy_class_id, version) VALUES (685, "1819", 45, 0);
INSERT INTO dinghy (id, sail_number, dinghy_class_id, version) VALUES (686, "1887", 45, 0);
INSERT INTO dinghy (id, sail_number, dinghy_class_id, version) VALUES (687, "1891", 45, 0);
INSERT INTO dinghy (id, sail_number, dinghy_class_id, version) VALUES (688, "1953", 45, 0);
INSERT INTO dinghy (id, sail_number, dinghy_class_id, version) VALUES (689, "641", 46, 0);
INSERT INTO dinghy (id, sail_number, dinghy_class_id, version) VALUES (690, "1063", 46, 0);
INSERT INTO dinghy (id, sail_number, dinghy_class_id, version) VALUES (691, "2154", 47, 0);
INSERT INTO dinghy (id, sail_number, dinghy_class_id, version) VALUES (692, "42", 48, 0);
INSERT INTO dinghy (id, sail_number, dinghy_class_id, version) VALUES (693, "51", 48, 0);
INSERT INTO dinghy (id, sail_number, dinghy_class_id, version) VALUES (694, "678", 48, 0);
INSERT INTO dinghy (id, sail_number, dinghy_class_id, version) VALUES (695, "3024", 48, 0);
INSERT INTO dinghy (id, sail_number, dinghy_class_id, version) VALUES (696, "3035", 48, 0);
INSERT INTO dinghy (id, sail_number, dinghy_class_id, version) VALUES (697, "5859", 48, 0);
INSERT INTO dinghy (id, sail_number, dinghy_class_id, version) VALUES (698, "6528", 48, 0);
INSERT INTO dinghy (id, sail_number, dinghy_class_id, version) VALUES (699, "8708", 48, 0);
INSERT INTO dinghy (id, sail_number, dinghy_class_id, version) VALUES (700, "10000", 48, 0);
INSERT INTO dinghy (id, sail_number, dinghy_class_id, version) VALUES (701, "10933", 48, 0);
INSERT INTO dinghy (id, sail_number, dinghy_class_id, version) VALUES (702, "11747", 48, 0);
INSERT INTO dinghy (id, sail_number, dinghy_class_id, version) VALUES (703, "12831", 48, 0);
INSERT INTO dinghy (id, sail_number, dinghy_class_id, version) VALUES (704, "14010", 48, 0);
INSERT INTO dinghy (id, sail_number, dinghy_class_id, version) VALUES (705, "14940", 48, 0);
INSERT INTO dinghy (id, sail_number, dinghy_class_id, version) VALUES (706, "16445", 48, 0);
INSERT INTO dinghy (id, sail_number, dinghy_class_id, version) VALUES (707, "16727", 48, 0);
INSERT INTO dinghy (id, sail_number, dinghy_class_id, version) VALUES (708, "19544", 48, 0);
INSERT INTO dinghy (id, sail_number, dinghy_class_id, version) VALUES (709, "20581", 48, 0);
INSERT INTO dinghy (id, sail_number, dinghy_class_id, version) VALUES (710, "21176", 48, 0);
INSERT INTO dinghy (id, sail_number, dinghy_class_id, version) VALUES (711, "22388", 48, 0);
INSERT INTO dinghy (id, sail_number, dinghy_class_id, version) VALUES (712, "22975", 48, 0);
INSERT INTO dinghy (id, sail_number, dinghy_class_id, version) VALUES (713, "23022", 48, 0);
INSERT INTO dinghy (id, sail_number, dinghy_class_id, version) VALUES (714, "23031", 48, 0);
INSERT INTO dinghy (id, sail_number, dinghy_class_id, version) VALUES (715, "23103", 48, 0);
INSERT INTO dinghy (id, sail_number, dinghy_class_id, version) VALUES (716, "23359", 48, 0);
INSERT INTO dinghy (id, sail_number, dinghy_class_id, version) VALUES (717, "23509", 48, 0);
INSERT INTO dinghy (id, sail_number, dinghy_class_id, version) VALUES (718, "23922", 48, 0);
INSERT INTO dinghy (id, sail_number, dinghy_class_id, version) VALUES (719, "24017", 48, 0);
INSERT INTO dinghy (id, sail_number, dinghy_class_id, version) VALUES (720, "24333", 48, 0);
INSERT INTO dinghy (id, sail_number, dinghy_class_id, version) VALUES (721, "24425", 48, 0);
INSERT INTO dinghy (id, sail_number, dinghy_class_id, version) VALUES (722, "24701", 48, 0);
INSERT INTO dinghy (id, sail_number, dinghy_class_id, version) VALUES (723, "24993", 48, 0);
INSERT INTO dinghy (id, sail_number, dinghy_class_id, version) VALUES (724, "25274", 48, 0);
INSERT INTO dinghy (id, sail_number, dinghy_class_id, version) VALUES (725, "25299", 48, 0);
INSERT INTO dinghy (id, sail_number, dinghy_class_id, version) VALUES (726, "26205", 48, 0);
INSERT INTO dinghy (id, sail_number, dinghy_class_id, version) VALUES (727, "27163", 48, 0);
INSERT INTO dinghy (id, sail_number, dinghy_class_id, version) VALUES (728, "27371", 48, 0);
INSERT INTO dinghy (id, sail_number, dinghy_class_id, version) VALUES (729, "27555", 48, 0);
INSERT INTO dinghy (id, sail_number, dinghy_class_id, version) VALUES (730, "27668", 48, 0);
INSERT INTO dinghy (id, sail_number, dinghy_class_id, version) VALUES (731, "27839", 48, 0);
INSERT INTO dinghy (id, sail_number, dinghy_class_id, version) VALUES (732, "28007", 48, 0);
INSERT INTO dinghy (id, sail_number, dinghy_class_id, version) VALUES (733, "28229", 48, 0);
INSERT INTO dinghy (id, sail_number, dinghy_class_id, version) VALUES (734, "28283", 48, 0);
INSERT INTO dinghy (id, sail_number, dinghy_class_id, version) VALUES (735, "28337", 48, 0);
INSERT INTO dinghy (id, sail_number, dinghy_class_id, version) VALUES (736, "28453", 48, 0);
INSERT INTO dinghy (id, sail_number, dinghy_class_id, version) VALUES (737, "28590", 48, 0);
INSERT INTO dinghy (id, sail_number, dinghy_class_id, version) VALUES (738, "28950", 48, 0);
INSERT INTO dinghy (id, sail_number, dinghy_class_id, version) VALUES (739, "29268", 48, 0);
INSERT INTO dinghy (id, sail_number, dinghy_class_id, version) VALUES (740, "29649", 48, 0);
INSERT INTO dinghy (id, sail_number, dinghy_class_id, version) VALUES (741, "30355", 48, 0);
INSERT INTO dinghy (id, sail_number, dinghy_class_id, version) VALUES (742, "30357", 48, 0);
INSERT INTO dinghy (id, sail_number, dinghy_class_id, version) VALUES (743, "30888", 48, 0);
INSERT INTO dinghy (id, sail_number, dinghy_class_id, version) VALUES (744, "31059", 48, 0);
INSERT INTO dinghy (id, sail_number, dinghy_class_id, version) VALUES (745, "31578", 48, 0);
INSERT INTO dinghy (id, sail_number, dinghy_class_id, version) VALUES (746, "31696", 48, 0);
INSERT INTO dinghy (id, sail_number, dinghy_class_id, version) VALUES (747, "31746", 48, 0);
INSERT INTO dinghy (id, sail_number, dinghy_class_id, version) VALUES (748, "31891", 48, 0);
INSERT INTO dinghy (id, sail_number, dinghy_class_id, version) VALUES (749, "32848", 48, 0);
INSERT INTO dinghy (id, sail_number, dinghy_class_id, version) VALUES (750, "33842", 48, 0);
INSERT INTO dinghy (id, sail_number, dinghy_class_id, version) VALUES (751, "33975", 48, 0);
INSERT INTO dinghy (id, sail_number, dinghy_class_id, version) VALUES (752, "34264", 48, 0);
INSERT INTO dinghy (id, sail_number, dinghy_class_id, version) VALUES (753, "34327", 48, 0);
INSERT INTO dinghy (id, sail_number, dinghy_class_id, version) VALUES (754, "34334", 48, 0);
INSERT INTO dinghy (id, sail_number, dinghy_class_id, version) VALUES (755, "34337", 48, 0);
INSERT INTO dinghy (id, sail_number, dinghy_class_id, version) VALUES (756, "34339", 48, 0);
INSERT INTO dinghy (id, sail_number, dinghy_class_id, version) VALUES (757, "35000", 48, 0);
INSERT INTO dinghy (id, sail_number, dinghy_class_id, version) VALUES (758, "35135", 48, 0);
INSERT INTO dinghy (id, sail_number, dinghy_class_id, version) VALUES (759, "35331", 48, 0);
INSERT INTO dinghy (id, sail_number, dinghy_class_id, version) VALUES (760, "35619", 48, 0);
INSERT INTO dinghy (id, sail_number, dinghy_class_id, version) VALUES (761, "35995", 48, 0);
INSERT INTO dinghy (id, sail_number, dinghy_class_id, version) VALUES (762, "36341", 48, 0);
INSERT INTO dinghy (id, sail_number, dinghy_class_id, version) VALUES (763, "37200", 48, 0);
INSERT INTO dinghy (id, sail_number, dinghy_class_id, version) VALUES (764, "37493", 48, 0);
INSERT INTO dinghy (id, sail_number, dinghy_class_id, version) VALUES (765, "40025", 48, 0);
INSERT INTO dinghy (id, sail_number, dinghy_class_id, version) VALUES (766, "41316", 48, 0);
INSERT INTO dinghy (id, sail_number, dinghy_class_id, version) VALUES (767, "41400", 48, 0);
INSERT INTO dinghy (id, sail_number, dinghy_class_id, version) VALUES (768, "41623", 48, 0);
INSERT INTO dinghy (id, sail_number, dinghy_class_id, version) VALUES (769, "41850", 48, 0);
INSERT INTO dinghy (id, sail_number, dinghy_class_id, version) VALUES (770, "41968", 48, 0);
INSERT INTO dinghy (id, sail_number, dinghy_class_id, version) VALUES (771, "42208", 48, 0);
INSERT INTO dinghy (id, sail_number, dinghy_class_id, version) VALUES (772, "42210", 48, 0);
INSERT INTO dinghy (id, sail_number, dinghy_class_id, version) VALUES (773, "42232", 48, 0);
INSERT INTO dinghy (id, sail_number, dinghy_class_id, version) VALUES (774, "42300", 48, 0);
INSERT INTO dinghy (id, sail_number, dinghy_class_id, version) VALUES (775, "42424", 48, 0);
INSERT INTO dinghy (id, sail_number, dinghy_class_id, version) VALUES (776, "42500", 48, 0);
INSERT INTO dinghy (id, sail_number, dinghy_class_id, version) VALUES (777, "42804", 48, 0);
INSERT INTO dinghy (id, sail_number, dinghy_class_id, version) VALUES (778, "43097", 48, 0);
INSERT INTO dinghy (id, sail_number, dinghy_class_id, version) VALUES (779, "43142", 48, 0);
INSERT INTO dinghy (id, sail_number, dinghy_class_id, version) VALUES (780, "43320", 48, 0);
INSERT INTO dinghy (id, sail_number, dinghy_class_id, version) VALUES (781, "43592", 48, 0);
INSERT INTO dinghy (id, sail_number, dinghy_class_id, version) VALUES (782, "43693", 48, 0);
INSERT INTO dinghy (id, sail_number, dinghy_class_id, version) VALUES (783, "43774", 48, 0);
INSERT INTO dinghy (id, sail_number, dinghy_class_id, version) VALUES (784, "43931", 48, 0);
INSERT INTO dinghy (id, sail_number, dinghy_class_id, version) VALUES (785, "44047", 48, 0);
INSERT INTO dinghy (id, sail_number, dinghy_class_id, version) VALUES (786, "44074", 48, 0);
INSERT INTO dinghy (id, sail_number, dinghy_class_id, version) VALUES (787, "44131", 48, 0);
INSERT INTO dinghy (id, sail_number, dinghy_class_id, version) VALUES (788, "44301", 48, 0);
INSERT INTO dinghy (id, sail_number, dinghy_class_id, version) VALUES (789, "44943", 48, 0);
INSERT INTO dinghy (id, sail_number, dinghy_class_id, version) VALUES (790, "44956", 48, 0);
INSERT INTO dinghy (id, sail_number, dinghy_class_id, version) VALUES (791, "45055", 48, 0);
INSERT INTO dinghy (id, sail_number, dinghy_class_id, version) VALUES (792, "45275", 48, 0);
INSERT INTO dinghy (id, sail_number, dinghy_class_id, version) VALUES (793, "45373", 48, 0);
INSERT INTO dinghy (id, sail_number, dinghy_class_id, version) VALUES (794, "45446", 48, 0);
INSERT INTO dinghy (id, sail_number, dinghy_class_id, version) VALUES (795, "45447", 48, 0);
INSERT INTO dinghy (id, sail_number, dinghy_class_id, version) VALUES (796, "45505", 48, 0);
INSERT INTO dinghy (id, sail_number, dinghy_class_id, version) VALUES (797, "45794", 48, 0);
INSERT INTO dinghy (id, sail_number, dinghy_class_id, version) VALUES (798, "45859", 48, 0);
INSERT INTO dinghy (id, sail_number, dinghy_class_id, version) VALUES (799, "45865", 48, 0);
INSERT INTO dinghy (id, sail_number, dinghy_class_id, version) VALUES (800, "45878", 48, 0);
INSERT INTO dinghy (id, sail_number, dinghy_class_id, version) VALUES (801, "45903", 48, 0);
INSERT INTO dinghy (id, sail_number, dinghy_class_id, version) VALUES (802, "46046", 48, 0);
INSERT INTO dinghy (id, sail_number, dinghy_class_id, version) VALUES (803, "46075", 48, 0);
INSERT INTO dinghy (id, sail_number, dinghy_class_id, version) VALUES (804, "46215", 48, 0);
INSERT INTO dinghy (id, sail_number, dinghy_class_id, version) VALUES (805, "46299", 48, 0);
INSERT INTO dinghy (id, sail_number, dinghy_class_id, version) VALUES (806, "46870", 48, 0);
INSERT INTO dinghy (id, sail_number, dinghy_class_id, version) VALUES (807, "47437", 48, 0);
INSERT INTO dinghy (id, sail_number, dinghy_class_id, version) VALUES (808, "47524", 48, 0);
INSERT INTO dinghy (id, sail_number, dinghy_class_id, version) VALUES (809, "47570", 48, 0);
INSERT INTO dinghy (id, sail_number, dinghy_class_id, version) VALUES (810, "47636", 48, 0);
INSERT INTO dinghy (id, sail_number, dinghy_class_id, version) VALUES (811, "47649", 48, 0);
INSERT INTO dinghy (id, sail_number, dinghy_class_id, version) VALUES (812, "47834", 48, 0);
INSERT INTO dinghy (id, sail_number, dinghy_class_id, version) VALUES (813, "47853", 48, 0);
INSERT INTO dinghy (id, sail_number, dinghy_class_id, version) VALUES (814, "47884", 48, 0);
INSERT INTO dinghy (id, sail_number, dinghy_class_id, version) VALUES (815, "48150", 48, 0);
INSERT INTO dinghy (id, sail_number, dinghy_class_id, version) VALUES (816, "48405", 48, 0);
INSERT INTO dinghy (id, sail_number, dinghy_class_id, version) VALUES (817, "49207", 48, 0);
INSERT INTO dinghy (id, sail_number, dinghy_class_id, version) VALUES (818, "67304", 48, 0);
INSERT INTO dinghy (id, sail_number, dinghy_class_id, version) VALUES (819, "431421", 48, 0);
INSERT INTO dinghy (id, sail_number, dinghy_class_id, version) VALUES (820, "1", 49, 0);
INSERT INTO dinghy (id, sail_number, dinghy_class_id, version) VALUES (821, "42", 49, 0);
INSERT INTO dinghy (id, sail_number, dinghy_class_id, version) VALUES (822, "12345", 49, 0);
INSERT INTO dinghy (id, sail_number, dinghy_class_id, version) VALUES (823, "24491", 49, 0);
INSERT INTO dinghy (id, sail_number, dinghy_class_id, version) VALUES (824, "34337", 49, 0);
INSERT INTO dinghy (id, sail_number, dinghy_class_id, version) VALUES (825, "46075", 49, 0);
INSERT INTO dinghy (id, sail_number, dinghy_class_id, version) VALUES (826, "47834", 49, 0);
INSERT INTO dinghy (id, sail_number, dinghy_class_id, version) VALUES (827, "47836", 49, 0);
INSERT INTO dinghy (id, sail_number, dinghy_class_id, version) VALUES (828, "47853", 49, 0);
INSERT INTO dinghy (id, sail_number, dinghy_class_id, version) VALUES (829, "35135", 50, 0);
INSERT INTO dinghy (id, sail_number, dinghy_class_id, version) VALUES (830, "1", 51, 0);
INSERT INTO dinghy (id, sail_number, dinghy_class_id, version) VALUES (831, "2", 51, 0);
INSERT INTO dinghy (id, sail_number, dinghy_class_id, version) VALUES (832, "3", 51, 0);
INSERT INTO dinghy (id, sail_number, dinghy_class_id, version) VALUES (833, "999", 51, 0);
INSERT INTO dinghy (id, sail_number, dinghy_class_id, version) VALUES (834, "50", 52, 0);
INSERT INTO dinghy (id, sail_number, dinghy_class_id, version) VALUES (835, "477", 52, 0);
INSERT INTO dinghy (id, sail_number, dinghy_class_id, version) VALUES (836, "596", 52, 0);
INSERT INTO dinghy (id, sail_number, dinghy_class_id, version) VALUES (837, "1282", 52, 0);
INSERT INTO dinghy (id, sail_number, dinghy_class_id, version) VALUES (838, "1385", 52, 0);
INSERT INTO dinghy (id, sail_number, dinghy_class_id, version) VALUES (839, "1501", 52, 0);
INSERT INTO dinghy (id, sail_number, dinghy_class_id, version) VALUES (840, "2134", 53, 0);
INSERT INTO dinghy (id, sail_number, dinghy_class_id, version) VALUES (841, "2797", 53, 0);
INSERT INTO dinghy (id, sail_number, dinghy_class_id, version) VALUES (842, "2839", 53, 0);
INSERT INTO dinghy (id, sail_number, dinghy_class_id, version) VALUES (843, "11202", 53, 0);
INSERT INTO dinghy (id, sail_number, dinghy_class_id, version) VALUES (844, "11203", 53, 0);
INSERT INTO dinghy (id, sail_number, dinghy_class_id, version) VALUES (845, "11370", 53, 0);

INSERT INTO competitor (id, name, version) VALUES (846, "Aaliyah Radford", 0);
INSERT INTO competitor (id, name, version) VALUES (847, "Aarav Malik", 0);
INSERT INTO competitor (id, name, version) VALUES (848, "Aarav Wade", 0);
INSERT INTO competitor (id, name, version) VALUES (849, "Aarya Gill", 0);
INSERT INTO competitor (id, name, version) VALUES (850, "Aarya Robbins", 0);
INSERT INTO competitor (id, name, version) VALUES (851, "Abbas Patrick", 0);
INSERT INTO competitor (id, name, version) VALUES (852, "Adam Rudd", 0);
INSERT INTO competitor (id, name, version) VALUES (853, "Addison Parker", 0);
INSERT INTO competitor (id, name, version) VALUES (854, "Adele Currie", 0);
INSERT INTO competitor (id, name, version) VALUES (855, "Adil Harwood", 0);
INSERT INTO competitor (id, name, version) VALUES (856, "Aila Haigh", 0);
INSERT INTO competitor (id, name, version) VALUES (857, "Aiyla Bone", 0);
INSERT INTO competitor (id, name, version) VALUES (858, "Aiza Austin", 0);
INSERT INTO competitor (id, name, version) VALUES (859, "Aiza Bruce", 0);
INSERT INTO competitor (id, name, version) VALUES (860, "Aj Davis", 0);
INSERT INTO competitor (id, name, version) VALUES (861, "Alaia Haywood", 0);
INSERT INTO competitor (id, name, version) VALUES (862, "Alaina Lea", 0);
INSERT INTO competitor (id, name, version) VALUES (863, "Alaiya Slater", 0);
INSERT INTO competitor (id, name, version) VALUES (864, "Alan Kennedy", 0);
INSERT INTO competitor (id, name, version) VALUES (865, "Alanna Rashid", 0);
INSERT INTO competitor (id, name, version) VALUES (866, "Alara Roberts", 0);
INSERT INTO competitor (id, name, version) VALUES (867, "Alara Taylor", 0);
INSERT INTO competitor (id, name, version) VALUES (868, "Alastair Khatun", 0);
INSERT INTO competitor (id, name, version) VALUES (869, "Alaya Ford", 0);
INSERT INTO competitor (id, name, version) VALUES (870, "Albi McCann", 0);
INSERT INTO competitor (id, name, version) VALUES (871, "Alby Guest", 0);
INSERT INTO competitor (id, name, version) VALUES (872, "Aleksander Gordon", 0);
INSERT INTO competitor (id, name, version) VALUES (873, "Aleksandra Harper", 0);
INSERT INTO competitor (id, name, version) VALUES (874, "Alessandro Munro", 0);
INSERT INTO competitor (id, name, version) VALUES (875, "Alexandru McKay", 0);
INSERT INTO competitor (id, name, version) VALUES (876, "Alfred Durrant", 0);
INSERT INTO competitor (id, name, version) VALUES (877, "Ali Malik", 0);
INSERT INTO competitor (id, name, version) VALUES (878, "Alia Tucker", 0);
INSERT INTO competitor (id, name, version) VALUES (879, "Alina Shepherd", 0);
INSERT INTO competitor (id, name, version) VALUES (880, "Aliyah Lawrence", 0);
INSERT INTO competitor (id, name, version) VALUES (881, "Alma Gray", 0);
INSERT INTO competitor (id, name, version) VALUES (882, "Alora Bond", 0);
INSERT INTO competitor (id, name, version) VALUES (883, "Alvey Hoare", 0);
INSERT INTO competitor (id, name, version) VALUES (884, "Amal Clarkson", 0);
INSERT INTO competitor (id, name, version) VALUES (885, "Amar Turnbull", 0);
INSERT INTO competitor (id, name, version) VALUES (886, "Amari Barber", 0);
INSERT INTO competitor (id, name, version) VALUES (887, "Amari Guest", 0);
INSERT INTO competitor (id, name, version) VALUES (888, "Amayah George", 0);
INSERT INTO competitor (id, name, version) VALUES (889, "Amber Bates", 0);
INSERT INTO competitor (id, name, version) VALUES (890, "Amber Marshall", 0);
INSERT INTO competitor (id, name, version) VALUES (891, "Amber Thompson", 0);
INSERT INTO competitor (id, name, version) VALUES (892, "Amir Holloway", 0);
INSERT INTO competitor (id, name, version) VALUES (893, "Amirah Chan", 0);
INSERT INTO competitor (id, name, version) VALUES (894, "Amiyah Heaton", 0);
INSERT INTO competitor (id, name, version) VALUES (895, "Amora Johnstone", 0);
INSERT INTO competitor (id, name, version) VALUES (896, "Amos Parkes", 0);
INSERT INTO competitor (id, name, version) VALUES (897, "Amy Alexander", 0);
INSERT INTO competitor (id, name, version) VALUES (898, "Anabia Stevenson", 0);
INSERT INTO competitor (id, name, version) VALUES (899, "Anaiya Winter", 0);
INSERT INTO competitor (id, name, version) VALUES (900, "Anaya Hooper", 0);
INSERT INTO competitor (id, name, version) VALUES (901, "Andy Pike", 0);
INSERT INTO competitor (id, name, version) VALUES (902, "Angelo Warren", 0);
INSERT INTO competitor (id, name, version) VALUES (903, "Anika Sinclair", 0);
INSERT INTO competitor (id, name, version) VALUES (904, "Anna Haynes", 0);
INSERT INTO competitor (id, name, version) VALUES (905, "Annalise Pickering", 0);
INSERT INTO competitor (id, name, version) VALUES (906, "Anthony Dillon", 0);
INSERT INTO competitor (id, name, version) VALUES (907, "Antonina Hall", 0);
INSERT INTO competitor (id, name, version) VALUES (908, "Archer Parry", 0);
INSERT INTO competitor (id, name, version) VALUES (909, "Arden Salter", 0);
INSERT INTO competitor (id, name, version) VALUES (910, "Aria-Rose Johnson", 0);
INSERT INTO competitor (id, name, version) VALUES (911, "Arley Head", 0);
INSERT INTO competitor (id, name, version) VALUES (912, "Arlie Heaton", 0);
INSERT INTO competitor (id, name, version) VALUES (913, "Arlo Vaughan", 0);
INSERT INTO competitor (id, name, version) VALUES (914, "Arlo-James Newell", 0);
INSERT INTO competitor (id, name, version) VALUES (915, "Armaan Osborne", 0);
INSERT INTO competitor (id, name, version) VALUES (916, "Arman Clarke", 0);
INSERT INTO competitor (id, name, version) VALUES (917, "Arran Ashley", 0);
INSERT INTO competitor (id, name, version) VALUES (918, "Arvin Burton", 0);
INSERT INTO competitor (id, name, version) VALUES (919, "Arvin Robbins", 0);
INSERT INTO competitor (id, name, version) VALUES (920, "Arwa Leech", 0);
INSERT INTO competitor (id, name, version) VALUES (921, "Arya Howell", 0);
INSERT INTO competitor (id, name, version) VALUES (922, "Arya Norris", 0);
INSERT INTO competitor (id, name, version) VALUES (923, "Arya Westwood", 0);
INSERT INTO competitor (id, name, version) VALUES (924, "Ashton Glover", 0);
INSERT INTO competitor (id, name, version) VALUES (925, "Asiya Oliver", 0);
INSERT INTO competitor (id, name, version) VALUES (926, "Asma Davey", 0);
INSERT INTO competitor (id, name, version) VALUES (927, "Athena Lane", 0);
INSERT INTO competitor (id, name, version) VALUES (928, "Atticus Simmons", 0);
INSERT INTO competitor (id, name, version) VALUES (929, "Aubree Douglas", 0);
INSERT INTO competitor (id, name, version) VALUES (930, "August Farmer", 0);
INSERT INTO competitor (id, name, version) VALUES (931, "August Khan", 0);
INSERT INTO competitor (id, name, version) VALUES (932, "Aurora Craig", 0);
INSERT INTO competitor (id, name, version) VALUES (933, "Aurora Crowther", 0);
INSERT INTO competitor (id, name, version) VALUES (934, "Ava-Mae Crawford", 0);
INSERT INTO competitor (id, name, version) VALUES (935, "Avneet Collier", 0);
INSERT INTO competitor (id, name, version) VALUES (936, "Axl Gee", 0);
INSERT INTO competitor (id, name, version) VALUES (937, "Ayaan Sewell", 0);
INSERT INTO competitor (id, name, version) VALUES (938, "Ayaat Gould", 0);
INSERT INTO competitor (id, name, version) VALUES (939, "Ayeza Barnard", 0);
INSERT INTO competitor (id, name, version) VALUES (940, "Ayman Dawes", 0);
INSERT INTO competitor (id, name, version) VALUES (941, "Aysha Humphreys", 0);
INSERT INTO competitor (id, name, version) VALUES (942, "Ayub Wilkinson", 0);
INSERT INTO competitor (id, name, version) VALUES (943, "Ayzal Farrow", 0);
INSERT INTO competitor (id, name, version) VALUES (944, "Ayzal Nicholson", 0);
INSERT INTO competitor (id, name, version) VALUES (945, "Azalea Knowles", 0);
INSERT INTO competitor (id, name, version) VALUES (946, "Azlan McLean", 0);
INSERT INTO competitor (id, name, version) VALUES (947, "Azlan Peck", 0);
INSERT INTO competitor (id, name, version) VALUES (948, "Baani MacKay", 0);
INSERT INTO competitor (id, name, version) VALUES (949, "Baani Manning", 0);
INSERT INTO competitor (id, name, version) VALUES (950, "Bailey Preston", 0);
INSERT INTO competitor (id, name, version) VALUES (951, "Beatriz Walker", 0);
INSERT INTO competitor (id, name, version) VALUES (952, "Beau Davison", 0);
INSERT INTO competitor (id, name, version) VALUES (953, "Bella Bourne", 0);
INSERT INTO competitor (id, name, version) VALUES (954, "Bella-Rose Myers", 0);
INSERT INTO competitor (id, name, version) VALUES (955, "Bertie Maynard", 0);
INSERT INTO competitor (id, name, version) VALUES (956, "Betsy Best", 0);
INSERT INTO competitor (id, name, version) VALUES (957, "Bianca Swan", 0);
INSERT INTO competitor (id, name, version) VALUES (958, "Bianka Clarkson", 0);
INSERT INTO competitor (id, name, version) VALUES (959, "Billy Underwood", 0);
INSERT INTO competitor (id, name, version) VALUES (960, "Bonnie Dalton", 0);
INSERT INTO competitor (id, name, version) VALUES (961, "Boris Jenkins", 0);
INSERT INTO competitor (id, name, version) VALUES (962, "Boris Ridley", 0);
INSERT INTO competitor (id, name, version) VALUES (963, "Brandon Bennett", 0);
INSERT INTO competitor (id, name, version) VALUES (964, "Brayden Mahmood", 0);
INSERT INTO competitor (id, name, version) VALUES (965, "Brody Hawkes", 0);
INSERT INTO competitor (id, name, version) VALUES (966, "Bryson Coles", 0);
INSERT INTO competitor (id, name, version) VALUES (967, "Cadi Scott", 0);
INSERT INTO competitor (id, name, version) VALUES (968, "Caleb Parkinson", 0);
INSERT INTO competitor (id, name, version) VALUES (969, "Calvin Lockwood", 0);
INSERT INTO competitor (id, name, version) VALUES (970, "Camila Wilkes", 0);
INSERT INTO competitor (id, name, version) VALUES (971, "Camille Ayres", 0);
INSERT INTO competitor (id, name, version) VALUES (972, "Cara Brook", 0);
INSERT INTO competitor (id, name, version) VALUES (973, "Cara Rose", 0);
INSERT INTO competitor (id, name, version) VALUES (974, "Carmen Whiting", 0);
INSERT INTO competitor (id, name, version) VALUES (975, "Casey Newell", 0);
INSERT INTO competitor (id, name, version) VALUES (976, "Casey Nunn", 0);
INSERT INTO competitor (id, name, version) VALUES (977, "Caspar Moss", 0);
INSERT INTO competitor (id, name, version) VALUES (978, "Casper McMillan", 0);
INSERT INTO competitor (id, name, version) VALUES (979, "Cataleya Moran", 0);
INSERT INTO competitor (id, name, version) VALUES (980, "Cayden Horner", 0);
INSERT INTO competitor (id, name, version) VALUES (981, "Cezar Whelan", 0);
INSERT INTO competitor (id, name, version) VALUES (982, "Charles Wise", 0);
INSERT INTO competitor (id, name, version) VALUES (983, "Charlotte Moss", 0);
INSERT INTO competitor (id, name, version) VALUES (984, "Christina Street", 0);
INSERT INTO competitor (id, name, version) VALUES (985, "Christina Whiting", 0);
INSERT INTO competitor (id, name, version) VALUES (986, "Christopher Howell", 0);
INSERT INTO competitor (id, name, version) VALUES (987, "Clementine Rushton", 0);
INSERT INTO competitor (id, name, version) VALUES (988, "Cobie Baldwin", 0);
INSERT INTO competitor (id, name, version) VALUES (989, "Colin Mead", 0);
INSERT INTO competitor (id, name, version) VALUES (990, "Connie May", 0);
INSERT INTO competitor (id, name, version) VALUES (991, "Constance Aston", 0);
INSERT INTO competitor (id, name, version) VALUES (992, "Cooper Hale", 0);
INSERT INTO competitor (id, name, version) VALUES (993, "Crystal Gilbert", 0);
INSERT INTO competitor (id, name, version) VALUES (994, "Dakota Moss", 0);
INSERT INTO competitor (id, name, version) VALUES (995, "Dalia Field", 0);
INSERT INTO competitor (id, name, version) VALUES (996, "Damir Senior", 0);
INSERT INTO competitor (id, name, version) VALUES (997, "Dana Worthington", 0);
INSERT INTO competitor (id, name, version) VALUES (998, "Daniel Little", 0);
INSERT INTO competitor (id, name, version) VALUES (999, "Danyal Mahmood", 0);
INSERT INTO competitor (id, name, version) VALUES (1000, "Darcy Emery", 0);
INSERT INTO competitor (id, name, version) VALUES (1001, "David Cole", 0);
INSERT INTO competitor (id, name, version) VALUES (1002, "Dawid Seymour", 0);
INSERT INTO competitor (id, name, version) VALUES (1003, "Deborah Milner", 0);
INSERT INTO competitor (id, name, version) VALUES (1004, "Deen Lamb", 0);
INSERT INTO competitor (id, name, version) VALUES (1005, "Deniz Atkinson", 0);
INSERT INTO competitor (id, name, version) VALUES (1006, "Destiny Bourne", 0);
INSERT INTO competitor (id, name, version) VALUES (1007, "Diego Houghton", 0);
INSERT INTO competitor (id, name, version) VALUES (1008, "Dina Fryer", 0);
INSERT INTO competitor (id, name, version) VALUES (1009, "Dion James", 0);
INSERT INTO competitor (id, name, version) VALUES (1010, "Diya Dyson", 0);
INSERT INTO competitor (id, name, version) VALUES (1011, "Dominic Barnett", 0);
INSERT INTO competitor (id, name, version) VALUES (1012, "Dominik Rudd", 0);
INSERT INTO competitor (id, name, version) VALUES (1013, "Dorian McGowan", 0);
INSERT INTO competitor (id, name, version) VALUES (1014, "Dougie Eastwood", 0);
INSERT INTO competitor (id, name, version) VALUES (1015, "Duaa Hobson", 0);
INSERT INTO competitor (id, name, version) VALUES (1016, "Eben Nixon", 0);
INSERT INTO competitor (id, name, version) VALUES (1017, "Eddie O'Shea", 0);
INSERT INTO competitor (id, name, version) VALUES (1018, "Edie Bevan", 0);
INSERT INTO competitor (id, name, version) VALUES (1019, "Efa Whitaker", 0);
INSERT INTO competitor (id, name, version) VALUES (1020, "Eira Lowe", 0);
INSERT INTO competitor (id, name, version) VALUES (1021, "Elara Mann", 0);
INSERT INTO competitor (id, name, version) VALUES (1022, "Elena Hall", 0);
INSERT INTO competitor (id, name, version) VALUES (1023, "Eli Barnard", 0);
INSERT INTO competitor (id, name, version) VALUES (1024, "Eli Sharma", 0);
INSERT INTO competitor (id, name, version) VALUES (1025, "Eliana Crowther", 0);
INSERT INTO competitor (id, name, version) VALUES (1026, "Elif Pugh", 0);
INSERT INTO competitor (id, name, version) VALUES (1027, "Elisa Naylor", 0);
INSERT INTO competitor (id, name, version) VALUES (1028, "Eliza Plant", 0);
INSERT INTO competitor (id, name, version) VALUES (1029, "Elwood Winter", 0);
INSERT INTO competitor (id, name, version) VALUES (1030, "Elysia Kelly", 0);
INSERT INTO competitor (id, name, version) VALUES (1031, "Emaan Whitfield", 0);
INSERT INTO competitor (id, name, version) VALUES (1032, "Emerson Beaumont", 0);
INSERT INTO competitor (id, name, version) VALUES (1033, "Emilio Atherton", 0);
INSERT INTO competitor (id, name, version) VALUES (1034, "Eoin Saunders", 0);
INSERT INTO competitor (id, name, version) VALUES (1035, "Erik McCormick", 0);
INSERT INTO competitor (id, name, version) VALUES (1036, "Erin Harvey", 0);
INSERT INTO competitor (id, name, version) VALUES (1037, "Eryn Burns", 0);
INSERT INTO competitor (id, name, version) VALUES (1038, "Eryn Grundy", 0);
INSERT INTO competitor (id, name, version) VALUES (1039, "Esme Hyde", 0);
INSERT INTO competitor (id, name, version) VALUES (1040, "Esmee Barton", 0);
INSERT INTO competitor (id, name, version) VALUES (1041, "Esmee Nichols", 0);
INSERT INTO competitor (id, name, version) VALUES (1042, "Eva Hodgson", 0);
INSERT INTO competitor (id, name, version) VALUES (1043, "Evelyn McKenna", 0);
INSERT INTO competitor (id, name, version) VALUES (1044, "Evelyn Waters", 0);
INSERT INTO competitor (id, name, version) VALUES (1045, "Everly Broadbent", 0);
INSERT INTO competitor (id, name, version) VALUES (1046, "Everlyn Armitage", 0);
INSERT INTO competitor (id, name, version) VALUES (1047, "Evie-Mae Beaumont", 0);
INSERT INTO competitor (id, name, version) VALUES (1048, "Evie-Rose Best", 0);
INSERT INTO competitor (id, name, version) VALUES (1049, "Ewan Boyle", 0);
INSERT INTO competitor (id, name, version) VALUES (1050, "Fallon Nunn", 0);
INSERT INTO competitor (id, name, version) VALUES (1051, "Farah Ash", 0);
INSERT INTO competitor (id, name, version) VALUES (1052, "Fateh Porter", 0);
INSERT INTO competitor (id, name, version) VALUES (1053, "Fionn Moran", 0);
INSERT INTO competitor (id, name, version) VALUES (1054, "Forrest Watson", 0);
INSERT INTO competitor (id, name, version) VALUES (1055, "Fox Armstrong", 0);
INSERT INTO competitor (id, name, version) VALUES (1056, "Francisco Bayliss", 0);
INSERT INTO competitor (id, name, version) VALUES (1057, "Frank Adams", 0);
INSERT INTO competitor (id, name, version) VALUES (1058, "Franklin Day", 0);
INSERT INTO competitor (id, name, version) VALUES (1059, "Franklin Norris", 0);
INSERT INTO competitor (id, name, version) VALUES (1060, "Franky Sheppard", 0);
INSERT INTO competitor (id, name, version) VALUES (1061, "Freddie Cresswell", 0);
INSERT INTO competitor (id, name, version) VALUES (1062, "Fredrick Fielding", 0);
INSERT INTO competitor (id, name, version) VALUES (1063, "Freyja Chowdhury", 0);
INSERT INTO competitor (id, name, version) VALUES (1064, "Gabriela Mansfield", 0);
INSERT INTO competitor (id, name, version) VALUES (1065, "Gabriella Johnstone", 0);
INSERT INTO competitor (id, name, version) VALUES (1066, "George Coombes", 0);
INSERT INTO competitor (id, name, version) VALUES (1067, "Georgiana Stanley", 0);
INSERT INTO competitor (id, name, version) VALUES (1068, "Georgie Campbell", 0);
INSERT INTO competitor (id, name, version) VALUES (1069, "Giulia Parker", 0);
INSERT INTO competitor (id, name, version) VALUES (1070, "Grace Rees", 0);
INSERT INTO competitor (id, name, version) VALUES (1071, "Hakeem Jackson", 0);
INSERT INTO competitor (id, name, version) VALUES (1072, "Halle Lake", 0);
INSERT INTO competitor (id, name, version) VALUES (1073, "Harmony Knight", 0);
INSERT INTO competitor (id, name, version) VALUES (1074, "Harvey Bannister", 0);
INSERT INTO competitor (id, name, version) VALUES (1075, "Harvey Fraser", 0);
INSERT INTO competitor (id, name, version) VALUES (1076, "Hattie Lawton", 0);
INSERT INTO competitor (id, name, version) VALUES (1077, "Hayden Bell", 0);
INSERT INTO competitor (id, name, version) VALUES (1078, "Hazel Holmes", 0);
INSERT INTO competitor (id, name, version) VALUES (1079, "Hazel Oliver", 0);
INSERT INTO competitor (id, name, version) VALUES (1080, "Hazel Wheeler", 0);
INSERT INTO competitor (id, name, version) VALUES (1081, "Hector Beck", 0);
INSERT INTO competitor (id, name, version) VALUES (1082, "Hendrix Moss", 0);
INSERT INTO competitor (id, name, version) VALUES (1083, "Henley Barnard", 0);
INSERT INTO competitor (id, name, version) VALUES (1084, "Herbie Barry", 0);
INSERT INTO competitor (id, name, version) VALUES (1085, "Hiba Moody", 0);
INSERT INTO competitor (id, name, version) VALUES (1086, "Hubert Broughton", 0);
INSERT INTO competitor (id, name, version) VALUES (1087, "Hugh Johnstone", 0);
INSERT INTO competitor (id, name, version) VALUES (1088, "Hugo Anderson", 0);
INSERT INTO competitor (id, name, version) VALUES (1089, "Husna Anderson", 0);
INSERT INTO competitor (id, name, version) VALUES (1090, "Idris Hogan", 0);
INSERT INTO competitor (id, name, version) VALUES (1091, "Inaya Regan", 0);
INSERT INTO competitor (id, name, version) VALUES (1092, "Inayah Joyce", 0);
INSERT INTO competitor (id, name, version) VALUES (1093, "Indie Clark", 0);
INSERT INTO competitor (id, name, version) VALUES (1094, "Indigo Potts", 0);
INSERT INTO competitor (id, name, version) VALUES (1095, "Ines Crook", 0);
INSERT INTO competitor (id, name, version) VALUES (1096, "Iqra Woolley", 0);
INSERT INTO competitor (id, name, version) VALUES (1097, "Irha Frost", 0);
INSERT INTO competitor (id, name, version) VALUES (1098, "Iris Sandhu", 0);
INSERT INTO competitor (id, name, version) VALUES (1099, "Isa Brewer", 0);
INSERT INTO competitor (id, name, version) VALUES (1100, "Isaac Lovell", 0);
INSERT INTO competitor (id, name, version) VALUES (1101, "Isabelle Owen", 0);
INSERT INTO competitor (id, name, version) VALUES (1102, "Isaiah Morton", 0);
INSERT INTO competitor (id, name, version) VALUES (1103, "Isha Taylor", 0);
INSERT INTO competitor (id, name, version) VALUES (1104, "Isla-Grace Wilcox", 0);
INSERT INTO competitor (id, name, version) VALUES (1105, "Ismaeel Cameron", 0);
INSERT INTO competitor (id, name, version) VALUES (1106, "Ismail Hewitt", 0);
INSERT INTO competitor (id, name, version) VALUES (1107, "Isra Mills", 0);
INSERT INTO competitor (id, name, version) VALUES (1108, "Isra Moore", 0);
INSERT INTO competitor (id, name, version) VALUES (1109, "Ivan Platt", 0);
INSERT INTO competitor (id, name, version) VALUES (1110, "Ivy Higgs", 0);
INSERT INTO competitor (id, name, version) VALUES (1111, "Ivy-Mae Richards", 0);
INSERT INTO competitor (id, name, version) VALUES (1112, "Jace Calvert", 0);
INSERT INTO competitor (id, name, version) VALUES (1113, "Jad Noble", 0);
INSERT INTO competitor (id, name, version) VALUES (1114, "Jad Wainwright", 0);
INSERT INTO competitor (id, name, version) VALUES (1115, "Jago Ali", 0);
INSERT INTO competitor (id, name, version) VALUES (1116, "Jamal Hodgkinson", 0);
INSERT INTO competitor (id, name, version) VALUES (1117, "Jamal Rice", 0);
INSERT INTO competitor (id, name, version) VALUES (1118, "Jameson Sharpe", 0);
INSERT INTO competitor (id, name, version) VALUES (1119, "Jannah Lilley", 0);
INSERT INTO competitor (id, name, version) VALUES (1120, "Jannah Rashid", 0);
INSERT INTO competitor (id, name, version) VALUES (1121, "Jasmine Maynard", 0);
INSERT INTO competitor (id, name, version) VALUES (1122, "Jayla Haigh", 0);
INSERT INTO competitor (id, name, version) VALUES (1123, "Jayson Graves", 0);
INSERT INTO competitor (id, name, version) VALUES (1124, "Jemima Clay", 0);
INSERT INTO competitor (id, name, version) VALUES (1125, "Jeremiah Phipps", 0);
INSERT INTO competitor (id, name, version) VALUES (1126, "Jessica Johnston", 0);
INSERT INTO competitor (id, name, version) VALUES (1127, "Jett Allison", 0);
INSERT INTO competitor (id, name, version) VALUES (1128, "Jett Bridge", 0);
INSERT INTO competitor (id, name, version) VALUES (1129, "Jimmy Dillon", 0);
INSERT INTO competitor (id, name, version) VALUES (1130, "Joanna Clarke", 0);
INSERT INTO competitor (id, name, version) VALUES (1131, "Joey Boyle", 0);
INSERT INTO competitor (id, name, version) VALUES (1132, "Joey Maxwell", 0);
INSERT INTO competitor (id, name, version) VALUES (1133, "Jonas McIntyre", 0);
INSERT INTO competitor (id, name, version) VALUES (1134, "Jonas Sargent", 0);
INSERT INTO competitor (id, name, version) VALUES (1135, "Jordan Terry", 0);
INSERT INTO competitor (id, name, version) VALUES (1136, "Josephine Lawton", 0);
INSERT INTO competitor (id, name, version) VALUES (1137, "Jovan Vaughan", 0);
INSERT INTO competitor (id, name, version) VALUES (1138, "Jude Nash", 0);
INSERT INTO competitor (id, name, version) VALUES (1139, "Julian Cummings", 0);
INSERT INTO competitor (id, name, version) VALUES (1140, "Junior Clough", 0);
INSERT INTO competitor (id, name, version) VALUES (1141, "Justin Nuttall", 0);
INSERT INTO competitor (id, name, version) VALUES (1142, "Justin Pritchard", 0);
INSERT INTO competitor (id, name, version) VALUES (1143, "Kaira Curran", 0);
INSERT INTO competitor (id, name, version) VALUES (1144, "Kane Ali", 0);
INSERT INTO competitor (id, name, version) VALUES (1145, "Katherine Baker", 0);
INSERT INTO competitor (id, name, version) VALUES (1146, "Kaya Rashid", 0);
INSERT INTO competitor (id, name, version) VALUES (1147, "Keira Ford", 0);
INSERT INTO competitor (id, name, version) VALUES (1148, "Keira Pitt", 0);
INSERT INTO competitor (id, name, version) VALUES (1149, "Kendall Langford", 0);
INSERT INTO competitor (id, name, version) VALUES (1150, "Kendrick Parry", 0);
INSERT INTO competitor (id, name, version) VALUES (1151, "Keyaan Farmer", 0);
INSERT INTO competitor (id, name, version) VALUES (1152, "Khadijah Johnston", 0);
INSERT INTO competitor (id, name, version) VALUES (1153, "Khalil Rushton", 0);
INSERT INTO competitor (id, name, version) VALUES (1154, "Kiara Kershaw", 0);
INSERT INTO competitor (id, name, version) VALUES (1155, "Kiera Daniels", 0);
INSERT INTO competitor (id, name, version) VALUES (1156, "King Morris", 0);
INSERT INTO competitor (id, name, version) VALUES (1157, "Kingsley McKay", 0);
INSERT INTO competitor (id, name, version) VALUES (1158, "Kinza Flynn", 0);
INSERT INTO competitor (id, name, version) VALUES (1159, "Klay Wilkinson", 0);
INSERT INTO competitor (id, name, version) VALUES (1160, "Koa Collins", 0);
INSERT INTO competitor (id, name, version) VALUES (1161, "Kody Robbins", 0);
INSERT INTO competitor (id, name, version) VALUES (1162, "Kristian Birch", 0);
INSERT INTO competitor (id, name, version) VALUES (1163, "Kyan Knowles", 0);
INSERT INTO competitor (id, name, version) VALUES (1164, "Kyla Barratt", 0);
INSERT INTO competitor (id, name, version) VALUES (1165, "Kylan Smart", 0);
INSERT INTO competitor (id, name, version) VALUES (1166, "Kyrie Nelson", 0);
INSERT INTO competitor (id, name, version) VALUES (1167, "Kyrie Platt", 0);
INSERT INTO competitor (id, name, version) VALUES (1168, "Laiba Hawkins", 0);
INSERT INTO competitor (id, name, version) VALUES (1169, "Lainey Abbott", 0);
INSERT INTO competitor (id, name, version) VALUES (1170, "Lake Norton", 0);
INSERT INTO competitor (id, name, version) VALUES (1171, "Lara Bryant", 0);
INSERT INTO competitor (id, name, version) VALUES (1172, "Laurie Shah", 0);
INSERT INTO competitor (id, name, version) VALUES (1173, "Laurie Walmsley", 0);
INSERT INTO competitor (id, name, version) VALUES (1174, "Laurie Woodcock", 0);
INSERT INTO competitor (id, name, version) VALUES (1175, "Lawrence Whitaker", 0);
INSERT INTO competitor (id, name, version) VALUES (1176, "Layton Chowdhury", 0);
INSERT INTO competitor (id, name, version) VALUES (1177, "Lee Fleming", 0);
INSERT INTO competitor (id, name, version) VALUES (1178, "Leena Whelan", 0);
INSERT INTO competitor (id, name, version) VALUES (1179, "Leia Haynes", 0);
INSERT INTO competitor (id, name, version) VALUES (1180, "Leia Sykes", 0);
INSERT INTO competitor (id, name, version) VALUES (1181, "Lena Ritchie", 0);
INSERT INTO competitor (id, name, version) VALUES (1182, "Leni Maxwell", 0);
INSERT INTO competitor (id, name, version) VALUES (1183, "Leni Tyler", 0);
INSERT INTO competitor (id, name, version) VALUES (1184, "Lennon Stanton", 0);
INSERT INTO competitor (id, name, version) VALUES (1185, "Lennox Beckett", 0);
INSERT INTO competitor (id, name, version) VALUES (1186, "Leo Eaton", 0);
INSERT INTO competitor (id, name, version) VALUES (1187, "Lexie Ogden", 0);
INSERT INTO competitor (id, name, version) VALUES (1188, "Lexie Rogers", 0);
INSERT INTO competitor (id, name, version) VALUES (1189, "Lilia Fry", 0);
INSERT INTO competitor (id, name, version) VALUES (1190, "Lillie Beck", 0);
INSERT INTO competitor (id, name, version) VALUES (1191, "Lilly Madden", 0);
INSERT INTO competitor (id, name, version) VALUES (1192, "Lilly-Rose Street", 0);
INSERT INTO competitor (id, name, version) VALUES (1193, "Lina Chowdhury", 0);
INSERT INTO competitor (id, name, version) VALUES (1194, "Lincoln Beaumont", 0);
INSERT INTO competitor (id, name, version) VALUES (1195, "Liya Boulton", 0);
INSERT INTO competitor (id, name, version) VALUES (1196, "Lloyd Poole", 0);
INSERT INTO competitor (id, name, version) VALUES (1197, "Lochlan Egan", 0);
INSERT INTO competitor (id, name, version) VALUES (1198, "Logan Mason", 0);
INSERT INTO competitor (id, name, version) VALUES (1199, "Lorcan Woolley", 0);
INSERT INTO competitor (id, name, version) VALUES (1200, "Lorena Hayes", 0);
INSERT INTO competitor (id, name, version) VALUES (1201, "Louisa Bray", 0);
INSERT INTO competitor (id, name, version) VALUES (1202, "Louise Barron", 0);
INSERT INTO competitor (id, name, version) VALUES (1203, "Lucas Millward", 0);
INSERT INTO competitor (id, name, version) VALUES (1204, "Lucien Hoare", 0);
INSERT INTO competitor (id, name, version) VALUES (1205, "Lucien Mercer", 0);
INSERT INTO competitor (id, name, version) VALUES (1206, "Lucy Burt", 0);
INSERT INTO competitor (id, name, version) VALUES (1207, "Lula Lomas", 0);
INSERT INTO competitor (id, name, version) VALUES (1208, "Luna-Rose Reilly", 0);
INSERT INTO competitor (id, name, version) VALUES (1209, "Lydia Milne", 0);
INSERT INTO competitor (id, name, version) VALUES (1210, "Lydia Oakley", 0);
INSERT INTO competitor (id, name, version) VALUES (1211, "Macey Vaughan", 0);
INSERT INTO competitor (id, name, version) VALUES (1212, "Macie Flynn", 0);
INSERT INTO competitor (id, name, version) VALUES (1213, "Macy Lawton", 0);
INSERT INTO competitor (id, name, version) VALUES (1214, "Macy Small", 0);
INSERT INTO competitor (id, name, version) VALUES (1215, "Maddie Powell", 0);
INSERT INTO competitor (id, name, version) VALUES (1216, "Magnus Ward", 0);
INSERT INTO competitor (id, name, version) VALUES (1217, "Mahnoor Hope", 0);
INSERT INTO competitor (id, name, version) VALUES (1218, "Maksymilian Simmonds", 0);
INSERT INTO competitor (id, name, version) VALUES (1219, "Malek Coates", 0);
INSERT INTO competitor (id, name, version) VALUES (1220, "Manha Cole", 0);
INSERT INTO competitor (id, name, version) VALUES (1221, "Margaret Mohammed", 0);
INSERT INTO competitor (id, name, version) VALUES (1222, "Mari Stokes", 0);
INSERT INTO competitor (id, name, version) VALUES (1223, "Mariam Dent", 0);
INSERT INTO competitor (id, name, version) VALUES (1224, "Mario Chauhan", 0);
INSERT INTO competitor (id, name, version) VALUES (1225, "Marley Sinclair", 0);
INSERT INTO competitor (id, name, version) VALUES (1226, "Marlo Swift", 0);
INSERT INTO competitor (id, name, version) VALUES (1227, "Marlo Wyatt", 0);
INSERT INTO competitor (id, name, version) VALUES (1228, "Mary Hogg", 0);
INSERT INTO competitor (id, name, version) VALUES (1229, "Mason McCormack", 0);
INSERT INTO competitor (id, name, version) VALUES (1230, "Matthew Marchant", 0);
INSERT INTO competitor (id, name, version) VALUES (1231, "Maverick Massey", 0);
INSERT INTO competitor (id, name, version) VALUES (1232, "Maxim Flynn", 0);
INSERT INTO competitor (id, name, version) VALUES (1233, "Maximilian Curtis", 0);
INSERT INTO competitor (id, name, version) VALUES (1234, "Mckenzie Barton", 0);
INSERT INTO competitor (id, name, version) VALUES (1235, "Mckenzie Maguire", 0);
INSERT INTO competitor (id, name, version) VALUES (1236, "Md Sims", 0);
INSERT INTO competitor (id, name, version) VALUES (1237, "Melisa Jackson", 0);
INSERT INTO competitor (id, name, version) VALUES (1238, "Melisa Watkins", 0);
INSERT INTO competitor (id, name, version) VALUES (1239, "Micah Shields", 0);
INSERT INTO competitor (id, name, version) VALUES (1240, "Michal Williams", 0);
INSERT INTO competitor (id, name, version) VALUES (1241, "Milan Ryder", 0);
INSERT INTO competitor (id, name, version) VALUES (1242, "Miller Farmer", 0);
INSERT INTO competitor (id, name, version) VALUES (1243, "Mina Donnelly", 0);
INSERT INTO competitor (id, name, version) VALUES (1244, "Mira Beech", 0);
INSERT INTO competitor (id, name, version) VALUES (1245, "Mohammed Castle", 0);
INSERT INTO competitor (id, name, version) VALUES (1246, "Mollie Hunt", 0);
INSERT INTO competitor (id, name, version) VALUES (1247, "Monroe Haynes", 0);
INSERT INTO competitor (id, name, version) VALUES (1248, "Montgomery Booth", 0);
INSERT INTO competitor (id, name, version) VALUES (1249, "Montgomery Kelly", 0);
INSERT INTO competitor (id, name, version) VALUES (1250, "Monty Crook", 0);
INSERT INTO competitor (id, name, version) VALUES (1251, "Morgan Bi", 0);
INSERT INTO competitor (id, name, version) VALUES (1252, "Murphy Squires", 0);
INSERT INTO competitor (id, name, version) VALUES (1253, "Myra Leonard", 0);
INSERT INTO competitor (id, name, version) VALUES (1254, "Nadia Barrow", 0);
INSERT INTO competitor (id, name, version) VALUES (1255, "Nahla Burgess", 0);
INSERT INTO competitor (id, name, version) VALUES (1256, "Naia Patterson", 0);
INSERT INTO competitor (id, name, version) VALUES (1257, "Natan Lawrence", 0);
INSERT INTO competitor (id, name, version) VALUES (1258, "Natan Newman", 0);
INSERT INTO competitor (id, name, version) VALUES (1259, "Natan Winter", 0);
INSERT INTO competitor (id, name, version) VALUES (1260, "Neave Rowland", 0);
INSERT INTO competitor (id, name, version) VALUES (1261, "Nela Sykes", 0);
INSERT INTO competitor (id, name, version) VALUES (1262, "Nell Powell", 0);
INSERT INTO competitor (id, name, version) VALUES (1263, "Nicolas FitzGerald", 0);
INSERT INTO competitor (id, name, version) VALUES (1264, "Nieve McLaughlin", 0);
INSERT INTO competitor (id, name, version) VALUES (1265, "Nikita Nolan", 0);
INSERT INTO competitor (id, name, version) VALUES (1266, "Noel Hills", 0);
INSERT INTO competitor (id, name, version) VALUES (1267, "Nolan Rushton", 0);
INSERT INTO competitor (id, name, version) VALUES (1268, "Nylah Patterson", 0);
INSERT INTO competitor (id, name, version) VALUES (1269, "Olivia Craig", 0);
INSERT INTO competitor (id, name, version) VALUES (1270, "Oliwia Grant", 0);
INSERT INTO competitor (id, name, version) VALUES (1271, "Oliwier Oliver", 0);
INSERT INTO competitor (id, name, version) VALUES (1272, "Olly Farrell", 0);
INSERT INTO competitor (id, name, version) VALUES (1273, "Oren Hodges", 0);
INSERT INTO competitor (id, name, version) VALUES (1274, "Osian Harvey", 0);
INSERT INTO competitor (id, name, version) VALUES (1275, "Owen Bowers", 0);
INSERT INTO competitor (id, name, version) VALUES (1276, "Paddy Lowe", 0);
INSERT INTO competitor (id, name, version) VALUES (1277, "Paisley Whittaker", 0);
INSERT INTO competitor (id, name, version) VALUES (1278, "Paloma Holloway", 0);
INSERT INTO competitor (id, name, version) VALUES (1279, "Patrick Daniels", 0);
INSERT INTO competitor (id, name, version) VALUES (1280, "Payton Collier", 0);
INSERT INTO competitor (id, name, version) VALUES (1281, "Peggy Preston", 0);
INSERT INTO competitor (id, name, version) VALUES (1282, "Percy Andrews", 0);
INSERT INTO competitor (id, name, version) VALUES (1283, "Philippa Jamieson", 0);
INSERT INTO competitor (id, name, version) VALUES (1284, "Philippa Lamb", 0);
INSERT INTO competitor (id, name, version) VALUES (1285, "Phoenix Hall", 0);
INSERT INTO competitor (id, name, version) VALUES (1286, "Pia Whitehead", 0);
INSERT INTO competitor (id, name, version) VALUES (1287, "Pixie Dutton", 0);
INSERT INTO competitor (id, name, version) VALUES (1288, "Pola Singleton", 0);
INSERT INTO competitor (id, name, version) VALUES (1289, "Poppie Choudhury", 0);
INSERT INTO competitor (id, name, version) VALUES (1290, "Quinn O'Reilly", 0);
INSERT INTO competitor (id, name, version) VALUES (1291, "Rafael Meadows", 0);
INSERT INTO competitor (id, name, version) VALUES (1292, "Raiden Eaton", 0);
INSERT INTO competitor (id, name, version) VALUES (1293, "Raymond Healy", 0);
INSERT INTO competitor (id, name, version) VALUES (1294, "Rebecca Garrett", 0);
INSERT INTO competitor (id, name, version) VALUES (1295, "Reem McGrath", 0);
INSERT INTO competitor (id, name, version) VALUES (1296, "Regan McLean", 0);
INSERT INTO competitor (id, name, version) VALUES (1297, "Reina Aston", 0);
INSERT INTO competitor (id, name, version) VALUES (1298, "Reina Chandler", 0);
INSERT INTO competitor (id, name, version) VALUES (1299, "Remi Arthur", 0);
INSERT INTO competitor (id, name, version) VALUES (1300, "Remy Read", 0);
INSERT INTO competitor (id, name, version) VALUES (1301, "Remy Wild", 0);
INSERT INTO competitor (id, name, version) VALUES (1302, "Renee Hampson", 0);
INSERT INTO competitor (id, name, version) VALUES (1303, "Renee Morton", 0);
INSERT INTO competitor (id, name, version) VALUES (1304, "Renee Salter", 0);
INSERT INTO competitor (id, name, version) VALUES (1305, "Rhys Haynes", 0);
INSERT INTO competitor (id, name, version) VALUES (1306, "Rhys McLaughlin", 0);
INSERT INTO competitor (id, name, version) VALUES (1307, "Richard Rees", 0);
INSERT INTO competitor (id, name, version) VALUES (1308, "Rico Little", 0);
INSERT INTO competitor (id, name, version) VALUES (1309, "Rita Black", 0);
INSERT INTO competitor (id, name, version) VALUES (1310, "Rita Duffy", 0);
INSERT INTO competitor (id, name, version) VALUES (1311, "Rita Malik", 0);
INSERT INTO competitor (id, name, version) VALUES (1312, "River Henderson", 0);
INSERT INTO competitor (id, name, version) VALUES (1313, "Robin Spencer", 0);
INSERT INTO competitor (id, name, version) VALUES (1314, "Rocco Reeves", 0);
INSERT INTO competitor (id, name, version) VALUES (1315, "Rogan Frost", 0);
INSERT INTO competitor (id, name, version) VALUES (1316, "Rogan Terry", 0);
INSERT INTO competitor (id, name, version) VALUES (1317, "Rohan Mason", 0);
INSERT INTO competitor (id, name, version) VALUES (1318, "Roma Adams", 0);
INSERT INTO competitor (id, name, version) VALUES (1319, "Roman Mitchell", 0);
INSERT INTO competitor (id, name, version) VALUES (1320, "Romeo Avery", 0);
INSERT INTO competitor (id, name, version) VALUES (1321, "Romeo Burke", 0);
INSERT INTO competitor (id, name, version) VALUES (1322, "Romeo Weaver", 0);
INSERT INTO competitor (id, name, version) VALUES (1323, "Rory Bright", 0);
INSERT INTO competitor (id, name, version) VALUES (1324, "Rose Clements", 0);
INSERT INTO competitor (id, name, version) VALUES (1325, "Rosie Carpenter", 0);
INSERT INTO competitor (id, name, version) VALUES (1326, "Roxanne Millward", 0);
INSERT INTO competitor (id, name, version) VALUES (1327, "Rudi Walton", 0);
INSERT INTO competitor (id, name, version) VALUES (1328, "Rupert Fuller", 0);
INSERT INTO competitor (id, name, version) VALUES (1329, "Ruqayyah Whittle", 0);
INSERT INTO competitor (id, name, version) VALUES (1330, "Safaa Allan", 0);
INSERT INTO competitor (id, name, version) VALUES (1331, "Safwan Roper", 0);
INSERT INTO competitor (id, name, version) VALUES (1332, "Sage Butterworth", 0);
INSERT INTO competitor (id, name, version) VALUES (1333, "Samantha Steele", 0);
INSERT INTO competitor (id, name, version) VALUES (1334, "Samson McGowan", 0);
INSERT INTO competitor (id, name, version) VALUES (1335, "Sapphire McKenzie", 0);
INSERT INTO competitor (id, name, version) VALUES (1336, "Sarah Pritchard", 0);
INSERT INTO competitor (id, name, version) VALUES (1337, "Sasha Chandler", 0);
INSERT INTO competitor (id, name, version) VALUES (1338, "Saul Avery", 0);
INSERT INTO competitor (id, name, version) VALUES (1339, "Saul Uddin", 0);
INSERT INTO competitor (id, name, version) VALUES (1340, "Savanna Pearson", 0);
INSERT INTO competitor (id, name, version) VALUES (1341, "Savannah Adamson", 0);
INSERT INTO competitor (id, name, version) VALUES (1342, "Scarlet Dillon", 0);
INSERT INTO competitor (id, name, version) VALUES (1343, "Sean Jennings", 0);
INSERT INTO competitor (id, name, version) VALUES (1344, "Seb Mohammed", 0);
INSERT INTO competitor (id, name, version) VALUES (1345, "Seb Wilkinson", 0);
INSERT INTO competitor (id, name, version) VALUES (1346, "Seren Duffy", 0);
INSERT INTO competitor (id, name, version) VALUES (1347, "Serena Dunne", 0);
INSERT INTO competitor (id, name, version) VALUES (1348, "Serenity Slater", 0);
INSERT INTO competitor (id, name, version) VALUES (1349, "Shanaya Rhodes", 0);
INSERT INTO competitor (id, name, version) VALUES (1350, "Sheikh Savage", 0);
INSERT INTO competitor (id, name, version) VALUES (1351, "Shelby Miller", 0);
INSERT INTO competitor (id, name, version) VALUES (1352, "Shiloh McDermott", 0);
INSERT INTO competitor (id, name, version) VALUES (1353, "Shiloh Partridge", 0);
INSERT INTO competitor (id, name, version) VALUES (1354, "Shivansh Brady", 0);
INSERT INTO competitor (id, name, version) VALUES (1355, "Sid Kelly", 0);
INSERT INTO competitor (id, name, version) VALUES (1356, "Siena Humphrey", 0);
INSERT INTO competitor (id, name, version) VALUES (1357, "Sienna Gardiner", 0);
INSERT INTO competitor (id, name, version) VALUES (1358, "Skylar Naylor", 0);
INSERT INTO competitor (id, name, version) VALUES (1359, "Skyler Street", 0);
INSERT INTO competitor (id, name, version) VALUES (1360, "Sonny Lewis", 0);
INSERT INTO competitor (id, name, version) VALUES (1361, "Spencer Birch", 0);
INSERT INTO competitor (id, name, version) VALUES (1362, "Stanley Roe", 0);
INSERT INTO competitor (id, name, version) VALUES (1363, "Stephanie Hughes", 0);
INSERT INTO competitor (id, name, version) VALUES (1364, "Stephanie Rawlings", 0);
INSERT INTO competitor (id, name, version) VALUES (1365, "Sulaiman Hardman", 0);
INSERT INTO competitor (id, name, version) VALUES (1366, "Sulayman Head", 0);
INSERT INTO competitor (id, name, version) VALUES (1367, "Sultan Rodgers", 0);
INSERT INTO competitor (id, name, version) VALUES (1368, "Sumayyah Hawkins", 0);
INSERT INTO competitor (id, name, version) VALUES (1369, "Syed Langley", 0);
INSERT INTO competitor (id, name, version) VALUES (1370, "Szymon FitzGerald", 0);
INSERT INTO competitor (id, name, version) VALUES (1371, "Tallulah Atkins", 0);
INSERT INTO competitor (id, name, version) VALUES (1372, "Teddie Howarth", 0);
INSERT INTO competitor (id, name, version) VALUES (1373, "Teo Mills", 0);
INSERT INTO competitor (id, name, version) VALUES (1374, "Theadora Cassidy", 0);
INSERT INTO competitor (id, name, version) VALUES (1375, "Theodor Anderson", 0);
INSERT INTO competitor (id, name, version) VALUES (1376, "Theodora Cresswell", 0);
INSERT INTO competitor (id, name, version) VALUES (1377, "Thomas Howard", 0);
INSERT INTO competitor (id, name, version) VALUES (1378, "Tilly Dyson", 0);
INSERT INTO competitor (id, name, version) VALUES (1379, "Timur Horton", 0);
INSERT INTO competitor (id, name, version) VALUES (1380, "Timur Weeks", 0);
INSERT INTO competitor (id, name, version) VALUES (1381, "Toby Grundy", 0);
INSERT INTO competitor (id, name, version) VALUES (1382, "Tommie Berry", 0);
INSERT INTO competitor (id, name, version) VALUES (1383, "Tristan Clark", 0);
INSERT INTO competitor (id, name, version) VALUES (1384, "Tyson Knight", 0);
INSERT INTO competitor (id, name, version) VALUES (1385, "Valentina Lawson", 0);
INSERT INTO competitor (id, name, version) VALUES (1386, "Viktor Bradford", 0);
INSERT INTO competitor (id, name, version) VALUES (1387, "Vincenzo Riley", 0);
INSERT INTO competitor (id, name, version) VALUES (1388, "Wiktoria Brennan", 0);
INSERT INTO competitor (id, name, version) VALUES (1389, "Wilfred Mead", 0);
INSERT INTO competitor (id, name, version) VALUES (1390, "William Morrison", 0);
INSERT INTO competitor (id, name, version) VALUES (1391, "William Vincent", 0);
INSERT INTO competitor (id, name, version) VALUES (1392, "Willow-Rose Bateman", 0);
INSERT INTO competitor (id, name, version) VALUES (1393, "Winifred Farrow", 0);
INSERT INTO competitor (id, name, version) VALUES (1394, "Wren Johns", 0);
INSERT INTO competitor (id, name, version) VALUES (1395, "Xanthe Knight", 0);
INSERT INTO competitor (id, name, version) VALUES (1396, "Yousef MacKay", 0);
INSERT INTO competitor (id, name, version) VALUES (1397, "Yusha Higgs", 0);
INSERT INTO competitor (id, name, version) VALUES (1398, "Yusuf Daly", 0);
INSERT INTO competitor (id, name, version) VALUES (1399, "Yuvraj Sheppard", 0);
INSERT INTO competitor (id, name, version) VALUES (1400, "Zac Daniels", 0);
INSERT INTO competitor (id, name, version) VALUES (1401, "Zack Shields", 0);
INSERT INTO competitor (id, name, version) VALUES (1402, "Zackary Lindsay", 0);
INSERT INTO competitor (id, name, version) VALUES (1403, "Zackary Percival", 0);
INSERT INTO competitor (id, name, version) VALUES (1404, "Zackary Wainwright", 0);
INSERT INTO competitor (id, name, version) VALUES (1405, "Zainab Khatun", 0);
INSERT INTO competitor (id, name, version) VALUES (1406, "Zakariyya Kaye", 0);
INSERT INTO competitor (id, name, version) VALUES (1407, "Zaviyar Burrows", 0);
INSERT INTO competitor (id, name, version) VALUES (1408, "Zayne Crawford", 0);
INSERT INTO competitor (id, name, version) VALUES (1409, "Zayyan Barber", 0);
INSERT INTO competitor (id, name, version) VALUES (1410, "Zimal Bryan", 0);
INSERT INTO competitor (id, name, version) VALUES (1411, "Zimal Grainger", 0);
INSERT INTO competitor (id, name, version) VALUES (1412, "Zoe Little", 0);
INSERT INTO competitor (id, name, version) VALUES (1413, "Zohaan Coulson", 0);
INSERT INTO competitor (id, name, version) VALUES (1414, "Zuri Bennett", 0);

INSERT INTO race (id, name, duration, planned_laps, planned_start_time, dinghy_class_id, version) VALUES (1415, "Scorpion A", 2700000000000, 5, "2024-01-07 10:10:00", 43, 0);
INSERT INTO race (id, name, duration, planned_laps, planned_start_time, dinghy_class_id, version) VALUES (1416, "Graduate A", 2700000000000, 5, "2024-01-07 10:15:00", 13, 0);
INSERT INTO race (id, name, duration, planned_laps, planned_start_time, dinghy_class_id, version) VALUES (1417, "Comet A", 2100000000000, 4, "2024-01-07 10:20:00", 5, 0);
INSERT INTO race (id, name, duration, planned_laps, planned_start_time, dinghy_class_id, version) VALUES (1418, "Handicap A", 2100000000000, 4, "2024-01-07 14:00:00", null, 0);

INSERT INTO entry (id, helm_id, dinghy_id, race_id, crew_id, version) VALUES (1419, 1063, 606, 1415, 1050, 0);
INSERT INTO entry (id, helm_id, dinghy_id, race_id, crew_id, version) VALUES (1420, 1054, 607, 1415, 1088, 0);
INSERT INTO entry (id, helm_id, dinghy_id, race_id, crew_id, version) VALUES (1421, 1038, 608, 1415, 1033, 0);
INSERT INTO entry (id, helm_id, dinghy_id, race_id, crew_id, version) VALUES (1422, 989, 609, 1415, 1010, 0);
INSERT INTO entry (id, helm_id, dinghy_id, race_id, crew_id, version) VALUES (1423, 1107, 610, 1415, 1398, 0);
INSERT INTO entry (id, helm_id, dinghy_id, race_id, crew_id, version) VALUES (1424, 1197, 611, 1415, 1161, 0);
INSERT INTO entry (id, helm_id, dinghy_id, race_id, crew_id, version) VALUES (1425, 1089, 612, 1415, 1381, 0);
INSERT INTO entry (id, helm_id, dinghy_id, race_id, crew_id, version) VALUES (1426, 1127, 613, 1415, 1049, 0);
INSERT INTO entry (id, helm_id, dinghy_id, race_id, crew_id, version) VALUES (1427, 972, 614, 1415, 1407, 0);
INSERT INTO entry (id, helm_id, dinghy_id, race_id, crew_id, version) VALUES (1428, 1152, 615, 1415, 859, 0);
INSERT INTO entry (id, helm_id, dinghy_id, race_id, crew_id, version) VALUES (1429, 1143, 616, 1415, 1275, 0);
INSERT INTO entry (id, helm_id, dinghy_id, race_id, crew_id, version) VALUES (1430, 974, 211, 1416, 1266, 0);
INSERT INTO entry (id, helm_id, dinghy_id, race_id, crew_id, version) VALUES (1431, 860, 213, 1416, 998, 0);
INSERT INTO entry (id, helm_id, dinghy_id, race_id, crew_id, version) VALUES (1432, 1109, 216, 1416, 858, 0);
INSERT INTO entry (id, helm_id, dinghy_id, race_id, crew_id, version) VALUES (1433, 1262, 217, 1416, 1390, 0);
INSERT INTO entry (id, helm_id, dinghy_id, race_id, crew_id, version) VALUES (1434, 1070, 219, 1416, 931, 0);
INSERT INTO entry (id, helm_id, dinghy_id, race_id, crew_id, version) VALUES (1435, 917, 221, 1416, 1399, 0);
INSERT INTO entry (id, helm_id, dinghy_id, race_id, crew_id, version) VALUES (1436, 1214, 222, 1416, 1232, 0);
INSERT INTO entry (id, helm_id, dinghy_id, race_id, crew_id, version) VALUES (1437, 1006, 225, 1416, 981, 0);
INSERT INTO entry (id, helm_id, dinghy_id, race_id, crew_id, version) VALUES (1438, 1011, 227, 1416, 950, 0);
INSERT INTO entry (id, helm_id, dinghy_id, race_id, crew_id, version) VALUES (1439, 867, 228, 1416, 1254, 0);
INSERT INTO entry (id, helm_id, dinghy_id, race_id, crew_id, version) VALUES (1440, 1155, 230, 1416, 1411, 0);
INSERT INTO entry (id, helm_id, dinghy_id, race_id, crew_id, version) VALUES (1441, 886, 233, 1416, 1329, 0);
INSERT INTO entry (id, helm_id, dinghy_id, race_id, crew_id, version) VALUES (1442, 1080, 234, 1416, 1123, 0);
INSERT INTO entry (id, helm_id, dinghy_id, race_id, crew_id, version) VALUES (1443, 1203, 236, 1416, 953, 0);
INSERT INTO entry (id, helm_id, dinghy_id, race_id, crew_id, version) VALUES (1444, 1202, 237, 1416, 988, 0);
INSERT INTO entry (id, helm_id, dinghy_id, race_id, crew_id, version) VALUES (1445, 868, 238, 1416, 1098, 0);
INSERT INTO entry (id, helm_id, dinghy_id, race_id, crew_id, version) VALUES (1446, 1334, 241, 1416, 1039, 0);
INSERT INTO entry (id, helm_id, dinghy_id, race_id, crew_id, version) VALUES (1447, 968, 242, 1416, 994, 0);
INSERT INTO entry (id, helm_id, dinghy_id, race_id, crew_id, version) VALUES (1448, 1091, 243, 1416, 1186, 0);
INSERT INTO entry (id, helm_id, dinghy_id, race_id, crew_id, version) VALUES (1449, 1179, 245, 1416, 1000, 0);
INSERT INTO entry (id, helm_id, dinghy_id, race_id, crew_id, version) VALUES (1450, 1258, 247, 1416, 1007, 0);
INSERT INTO entry (id, helm_id, dinghy_id, race_id, crew_id, version) VALUES (1451, 1118, 248, 1416, 1351, 0);
INSERT INTO entry (id, helm_id, dinghy_id, race_id, crew_id, version) VALUES (1452, 1026, 251, 1416, 1211, 0);
INSERT INTO entry (id, helm_id, dinghy_id, race_id, crew_id, version) VALUES (1453, 1389, 253, 1416, 1169, 0);
INSERT INTO entry (id, helm_id, dinghy_id, race_id, crew_id, version) VALUES (1454, 1060, 254, 1416, 1276, 0);
INSERT INTO entry (id, helm_id, dinghy_id, race_id, crew_id, version) VALUES (1455, 1183, 255, 1416, 949, 0);
INSERT INTO entry (id, helm_id, dinghy_id, race_id, crew_id, version) VALUES (1456, 1217, 257, 1416, 1336, 0);
INSERT INTO entry (id, helm_id, dinghy_id, race_id, crew_id, version) VALUES (1457, 906, 258, 1416, 1204, 0);
INSERT INTO entry (id, helm_id, dinghy_id, race_id, crew_id, version) VALUES (1458, 1402, 259, 1416, 1346, 0);
INSERT INTO entry (id, helm_id, dinghy_id, race_id, crew_id, version) VALUES (1459, 1153, 262, 1416, 957, 0);
INSERT INTO entry (id, helm_id, dinghy_id, race_id, crew_id, version) VALUES (1460, 1173, 66, 1417, null, 0);
INSERT INTO entry (id, helm_id, dinghy_id, race_id, crew_id, version) VALUES (1461, 938, 68, 1417, null, 0);
INSERT INTO entry (id, helm_id, dinghy_id, race_id, crew_id, version) VALUES (1462, 1218, 72, 1417, null, 0);
INSERT INTO entry (id, helm_id, dinghy_id, race_id, crew_id, version) VALUES (1463, 1071, 73, 1417, null, 0);
INSERT INTO entry (id, helm_id, dinghy_id, race_id, crew_id, version) VALUES (1464, 1270, 76, 1417, null, 0);
INSERT INTO entry (id, helm_id, dinghy_id, race_id, crew_id, version) VALUES (1465, 881, 78, 1417, null, 0);
INSERT INTO entry (id, helm_id, dinghy_id, race_id, crew_id, version) VALUES (1466, 1047, 80, 1417, null, 0);
INSERT INTO entry (id, helm_id, dinghy_id, race_id, crew_id, version) VALUES (1467, 1397, 83, 1417, null, 0);
INSERT INTO entry (id, helm_id, dinghy_id, race_id, crew_id, version) VALUES (1468, 1059, 84, 1417, null, 0);
INSERT INTO entry (id, helm_id, dinghy_id, race_id, crew_id, version) VALUES (1469, 929, 86, 1417, null, 0);
INSERT INTO entry (id, helm_id, dinghy_id, race_id, crew_id, version) VALUES (1470, 948, 89, 1417, null, 0);
INSERT INTO entry (id, helm_id, dinghy_id, race_id, crew_id, version) VALUES (1471, 1066, 90, 1417, null, 0);
INSERT INTO entry (id, helm_id, dinghy_id, race_id, crew_id, version) VALUES (1472, 992, 93, 1417, null, 0);
INSERT INTO entry (id, helm_id, dinghy_id, race_id, crew_id, version) VALUES (1473, 1114, 94, 1417, null, 0);
INSERT INTO entry (id, helm_id, dinghy_id, race_id, crew_id, version) VALUES (1474, 1370, 95, 1417, null, 0);
INSERT INTO entry (id, helm_id, dinghy_id, race_id, crew_id, version) VALUES (1475, 935, 98, 1417, null, 0);
INSERT INTO entry (id, helm_id, dinghy_id, race_id, crew_id, version) VALUES (1476, 862, 99, 1417, null, 0);
INSERT INTO entry (id, helm_id, dinghy_id, race_id, crew_id, version) VALUES (1477, 1371, 102, 1417, null, 0);
INSERT INTO entry (id, helm_id, dinghy_id, race_id, crew_id, version) VALUES (1478, 1303, 103, 1417, null, 0);
INSERT INTO entry (id, helm_id, dinghy_id, race_id, crew_id, version) VALUES (1479, 986, 104, 1417, null, 0);
INSERT INTO entry (id, helm_id, dinghy_id, race_id, crew_id, version) VALUES (1480, 1353, 107, 1417, null, 0);
INSERT INTO entry (id, helm_id, dinghy_id, race_id, crew_id, version) VALUES (1481, 1332, 108, 1417, null, 0);
INSERT INTO entry (id, helm_id, dinghy_id, race_id, crew_id, version) VALUES (1482, 1079, 111, 1417, null, 0);
INSERT INTO entry (id, helm_id, dinghy_id, race_id, crew_id, version) VALUES (1483, 1177, 112, 1417, null, 0);
INSERT INTO entry (id, helm_id, dinghy_id, race_id, crew_id, version) VALUES (1484, 1231, 113, 1417, null, 0);
INSERT INTO entry (id, helm_id, dinghy_id, race_id, crew_id, version) VALUES (1485, 1170, 116, 1417, null, 0);
INSERT INTO entry (id, helm_id, dinghy_id, race_id, crew_id, version) VALUES (1486, 941, 117, 1417, null, 0);
INSERT INTO entry (id, helm_id, dinghy_id, race_id, crew_id, version) VALUES (1487, 1208, 119, 1417, null, 0);
INSERT INTO entry (id, helm_id, dinghy_id, race_id, crew_id, version) VALUES (1488, 989, 177, 1418, 1258, 0);
INSERT INTO entry (id, helm_id, dinghy_id, race_id, crew_id, version) VALUES (1489, 1004, 813, 1418, null, 0);
INSERT INTO entry (id, helm_id, dinghy_id, race_id, crew_id, version) VALUES (1490, 1267, 614, 1418, 892, 0);
INSERT INTO entry (id, helm_id, dinghy_id, race_id, crew_id, version) VALUES (1491, 1325, 439, 1418, null, 0);
INSERT INTO entry (id, helm_id, dinghy_id, race_id, crew_id, version) VALUES (1492, 856, 364, 1418, null, 0);
INSERT INTO entry (id, helm_id, dinghy_id, race_id, crew_id, version) VALUES (1493, 1095, 467, 1418, null, 0);
INSERT INTO entry (id, helm_id, dinghy_id, race_id, crew_id, version) VALUES (1494, 1251, 830, 1418, 1364, 0);
INSERT INTO entry (id, helm_id, dinghy_id, race_id, crew_id, version) VALUES (1495, 1002, 561, 1418, null, 0);
INSERT INTO entry (id, helm_id, dinghy_id, race_id, crew_id, version) VALUES (1496, 1237, 402, 1418, null, 0);
INSERT INTO entry (id, helm_id, dinghy_id, race_id, crew_id, version) VALUES (1497, 1098, 753, 1418, null, 0);
INSERT INTO entry (id, helm_id, dinghy_id, race_id, crew_id, version) VALUES (1498, 979, 586, 1418, null, 0);
INSERT INTO entry (id, helm_id, dinghy_id, race_id, crew_id, version) VALUES (1499, 1194, 355, 1418, null, 0);
INSERT INTO entry (id, helm_id, dinghy_id, race_id, crew_id, version) VALUES (1500, 908, 136, 1418, 1399, 0);
INSERT INTO entry (id, helm_id, dinghy_id, race_id, crew_id, version) VALUES (1501, 1110, 790, 1418, null, 0);
INSERT INTO entry (id, helm_id, dinghy_id, race_id, crew_id, version) VALUES (1502, 1065, 809, 1418, null, 0);
INSERT INTO entry (id, helm_id, dinghy_id, race_id, crew_id, version) VALUES (1503, 1307, 506, 1418, 1332, 0);
INSERT INTO entry (id, helm_id, dinghy_id, race_id, crew_id, version) VALUES (1504, 1311, 693, 1418, null, 0);
INSERT INTO entry (id, helm_id, dinghy_id, race_id, crew_id, version) VALUES (1505, 1369, 421, 1418, null, 0);
INSERT INTO entry (id, helm_id, dinghy_id, race_id, crew_id, version) VALUES (1506, 999, 681, 1418, null, 0);
INSERT INTO entry (id, helm_id, dinghy_id, race_id, crew_id, version) VALUES (1507, 966, 733, 1418, null, 0);
INSERT INTO entry (id, helm_id, dinghy_id, race_id, crew_id, version) VALUES (1508, 945, 627, 1418, null, 0);
INSERT INTO entry (id, helm_id, dinghy_id, race_id, crew_id, version) VALUES (1509, 1357, 106, 1418, null, 0);
INSERT INTO entry (id, helm_id, dinghy_id, race_id, crew_id, version) VALUES (1510, 1015, 367, 1418, null, 0);
INSERT INTO entry (id, helm_id, dinghy_id, race_id, crew_id, version) VALUES (1511, 1338, 221, 1418, 1313, 0);
INSERT INTO entry (id, helm_id, dinghy_id, race_id, crew_id, version) VALUES (1512, 1342, 129, 1418, 1174, 0);
INSERT INTO entry (id, helm_id, dinghy_id, race_id, crew_id, version) VALUES (1513, 1269, 375, 1418, null, 0);
INSERT INTO entry (id, helm_id, dinghy_id, race_id, crew_id, version) VALUES (1514, 1080, 844, 1418, 1202, 0);
INSERT INTO entry (id, helm_id, dinghy_id, race_id, crew_id, version) VALUES (1515, 1224, 461, 1418, null, 0);

UPDATE hibernate_sequence SET next_val = 1516;